file	cluster	module	package
junit-jupiter-api/src/main/java/org/junit/jupiter/api/DynamicContainer.java	0	junit-jupiter-api	org.junit.jupiter.api
junit-jupiter-api/src/main/java/org/junit/jupiter/api/DynamicNode.java	0	junit-jupiter-api	org.junit.jupiter.api
junit-jupiter-api/src/main/java/org/junit/jupiter/api/DynamicTest.java	0	junit-jupiter-api	org.junit.jupiter.api
junit-jupiter-api/src/main/java/org/junit/jupiter/api/TestFactory.java	0	junit-jupiter-api	org.junit.jupiter.api
junit-jupiter-api/src/main/java/org/junit/jupiter/api/TestInfo.java	0	junit-jupiter-api	org.junit.jupiter.api
junit-jupiter-api/src/main/java/org/junit/jupiter/api/TestReporter.java	0	junit-jupiter-api	org.junit.jupiter.api
junit-jupiter-api/src/main/java/org/junit/jupiter/api/extension/ExecutableInvoker.java	0	junit-jupiter-api	org.junit.jupiter.api.extension
junit-jupiter-api/src/main/java/org/junit/jupiter/api/extension/ExtensionConfigurationException.java	0	junit-jupiter-api	org.junit.jupiter.api.extension
junit-jupiter-api/src/main/java/org/junit/jupiter/api/extension/ExtensionContext.java	0	junit-jupiter-api	org.junit.jupiter.api.extension
junit-jupiter-api/src/main/java/org/junit/jupiter/api/extension/ExtensionContextException.java	0	junit-jupiter-api	org.junit.jupiter.api.extension
junit-jupiter-api/src/main/java/org/junit/jupiter/api/extension/MediaType.java	0	junit-jupiter-api	org.junit.jupiter.api.extension
junit-jupiter-api/src/main/java/org/junit/jupiter/api/extension/ParameterContext.java	0	junit-jupiter-api	org.junit.jupiter.api.extension
junit-jupiter-api/src/main/java/org/junit/jupiter/api/extension/ParameterResolutionException.java	0	junit-jupiter-api	org.junit.jupiter.api.extension
junit-jupiter-api/src/main/java/org/junit/jupiter/api/extension/TestTemplateInvocationContextProvider.java	0	junit-jupiter-api	org.junit.jupiter.api.extension
junit-jupiter-api/src/main/java/org/junit/jupiter/api/extension/TestWatcher.java	0	junit-jupiter-api	org.junit.jupiter.api.extension
junit-jupiter-api/src/main/java/org/junit/jupiter/api/parallel/Execution.java	0	junit-jupiter-api	org.junit.jupiter.api.parallel
junit-jupiter-api/src/main/java/org/junit/jupiter/api/parallel/ResourceLock.java	0	junit-jupiter-api	org.junit.jupiter.api.parallel
junit-jupiter-api/src/main/java/org/junit/jupiter/api/parallel/ResourceLocks.java	0	junit-jupiter-api	org.junit.jupiter.api.parallel
junit-jupiter-engine/src/main/java/org/junit/jupiter/engine/JupiterTestEngine.java	0	junit-jupiter-engine	org.junit.jupiter.engine
junit-jupiter-engine/src/main/java/org/junit/jupiter/engine/descriptor/AbstractExtensionContext.java	0	junit-jupiter-engine	org.junit.jupiter.engine.descriptor
junit-jupiter-engine/src/main/java/org/junit/jupiter/engine/descriptor/ClassBasedTestDescriptor.java	0	junit-jupiter-engine	org.junit.jupiter.engine.descriptor
junit-jupiter-engine/src/main/java/org/junit/jupiter/engine/descriptor/ClassExtensionContext.java	0	junit-jupiter-engine	org.junit.jupiter.engine.descriptor
junit-jupiter-engine/src/main/java/org/junit/jupiter/engine/descriptor/ClassTemplateInvocationExtensionContext.java	0	junit-jupiter-engine	org.junit.jupiter.engine.descriptor
junit-jupiter-engine/src/main/java/org/junit/jupiter/engine/descriptor/ClassTemplateInvocationTestDescriptor.java	0	junit-jupiter-engine	org.junit.jupiter.engine.descriptor
junit-jupiter-engine/src/main/java/org/junit/jupiter/engine/descriptor/ClassTemplateTestDescriptor.java	0	junit-jupiter-engine	org.junit.jupiter.engine.descriptor
junit-jupiter-engine/src/main/java/org/junit/jupiter/engine/descriptor/ClassTestDescriptor.java	0	junit-jupiter-engine	org.junit.jupiter.engine.descriptor
junit-jupiter-engine/src/main/java/org/junit/jupiter/engine/descriptor/DefaultTestInstanceFactoryContext.java	0	junit-jupiter-engine	org.junit.jupiter.engine.descriptor
junit-jupiter-engine/src/main/java/org/junit/jupiter/engine/descriptor/DynamicContainerTestDescriptor.java	0	junit-jupiter-engine	org.junit.jupiter.engine.descriptor
junit-jupiter-engine/src/main/java/org/junit/jupiter/engine/descriptor/DynamicDescendantFilter.java	0	junit-jupiter-engine	org.junit.jupiter.engine.descriptor
junit-jupiter-engine/src/main/java/org/junit/jupiter/engine/descriptor/DynamicExtensionContext.java	0	junit-jupiter-engine	org.junit.jupiter.engine.descriptor
junit-jupiter-engine/src/main/java/org/junit/jupiter/engine/descriptor/DynamicNodeTestDescriptor.java	0	junit-jupiter-engine	org.junit.jupiter.engine.descriptor
junit-jupiter-engine/src/main/java/org/junit/jupiter/engine/descriptor/DynamicTestTestDescriptor.java	0	junit-jupiter-engine	org.junit.jupiter.engine.descriptor
junit-jupiter-engine/src/main/java/org/junit/jupiter/engine/descriptor/ExclusiveResourceCollector.java	0	junit-jupiter-engine	org.junit.jupiter.engine.descriptor
junit-jupiter-engine/src/main/java/org/junit/jupiter/engine/descriptor/Filterable.java	0	junit-jupiter-engine	org.junit.jupiter.engine.descriptor
junit-jupiter-engine/src/main/java/org/junit/jupiter/engine/descriptor/JupiterEngineDescriptor.java	0	junit-jupiter-engine	org.junit.jupiter.engine.descriptor
junit-jupiter-engine/src/main/java/org/junit/jupiter/engine/descriptor/JupiterEngineExtensionContext.java	0	junit-jupiter-engine	org.junit.jupiter.engine.descriptor
junit-jupiter-engine/src/main/java/org/junit/jupiter/engine/descriptor/JupiterTestDescriptor.java	0	junit-jupiter-engine	org.junit.jupiter.engine.descriptor
junit-jupiter-engine/src/main/java/org/junit/jupiter/engine/descriptor/MethodBasedTestDescriptor.java	0	junit-jupiter-engine	org.junit.jupiter.engine.descriptor
junit-jupiter-engine/src/main/java/org/junit/jupiter/engine/descriptor/MethodExtensionContext.java	0	junit-jupiter-engine	org.junit.jupiter.engine.descriptor
junit-jupiter-engine/src/main/java/org/junit/jupiter/engine/descriptor/NestedClassTestDescriptor.java	0	junit-jupiter-engine	org.junit.jupiter.engine.descriptor
junit-jupiter-engine/src/main/java/org/junit/jupiter/engine/descriptor/ResourceLockAware.java	0	junit-jupiter-engine	org.junit.jupiter.engine.descriptor
junit-jupiter-engine/src/main/java/org/junit/jupiter/engine/descriptor/TestFactoryTestDescriptor.java	0	junit-jupiter-engine	org.junit.jupiter.engine.descriptor
junit-jupiter-engine/src/main/java/org/junit/jupiter/engine/descriptor/TestInstanceLifecycleUtils.java	0	junit-jupiter-engine	org.junit.jupiter.engine.descriptor
junit-jupiter-engine/src/main/java/org/junit/jupiter/engine/descriptor/TestMethodTestDescriptor.java	0	junit-jupiter-engine	org.junit.jupiter.engine.descriptor
junit-jupiter-engine/src/main/java/org/junit/jupiter/engine/descriptor/TestTemplateExtensionContext.java	0	junit-jupiter-engine	org.junit.jupiter.engine.descriptor
junit-jupiter-engine/src/main/java/org/junit/jupiter/engine/descriptor/TestTemplateInvocationTestDescriptor.java	0	junit-jupiter-engine	org.junit.jupiter.engine.descriptor
junit-jupiter-engine/src/main/java/org/junit/jupiter/engine/descriptor/TestTemplateTestDescriptor.java	0	junit-jupiter-engine	org.junit.jupiter.engine.descriptor
junit-jupiter-engine/src/main/java/org/junit/jupiter/engine/discovery/ClassSelectorResolver.java	0	junit-jupiter-engine	org.junit.jupiter.engine.discovery
junit-jupiter-engine/src/main/java/org/junit/jupiter/engine/discovery/MethodSelectorResolver.java	0	junit-jupiter-engine	org.junit.jupiter.engine.discovery
junit-jupiter-engine/src/main/java/org/junit/jupiter/engine/discovery/predicates/TestClassPredicates.java	0	junit-jupiter-engine	org.junit.jupiter.engine.discovery.predicates
junit-jupiter-engine/src/main/java/org/junit/jupiter/engine/execution/AfterEachMethodAdapter.java	0	junit-jupiter-engine	org.junit.jupiter.engine.execution
junit-jupiter-engine/src/main/java/org/junit/jupiter/engine/execution/BeforeEachMethodAdapter.java	0	junit-jupiter-engine	org.junit.jupiter.engine.execution
junit-jupiter-engine/src/main/java/org/junit/jupiter/engine/execution/ConditionEvaluationException.java	0	junit-jupiter-engine	org.junit.jupiter.engine.execution
junit-jupiter-engine/src/main/java/org/junit/jupiter/engine/execution/ConditionEvaluator.java	0	junit-jupiter-engine	org.junit.jupiter.engine.execution
junit-jupiter-engine/src/main/java/org/junit/jupiter/engine/execution/ConstructorInvocation.java	0	junit-jupiter-engine	org.junit.jupiter.engine.execution
junit-jupiter-engine/src/main/java/org/junit/jupiter/engine/execution/DefaultExecutableInvoker.java	0	junit-jupiter-engine	org.junit.jupiter.engine.execution
junit-jupiter-engine/src/main/java/org/junit/jupiter/engine/execution/DefaultParameterContext.java	0	junit-jupiter-engine	org.junit.jupiter.engine.execution
junit-jupiter-engine/src/main/java/org/junit/jupiter/engine/execution/InterceptingExecutableInvoker.java	0	junit-jupiter-engine	org.junit.jupiter.engine.execution
junit-jupiter-engine/src/main/java/org/junit/jupiter/engine/execution/JupiterEngineExecutionContext.java	0	junit-jupiter-engine	org.junit.jupiter.engine.execution
junit-jupiter-engine/src/main/java/org/junit/jupiter/engine/execution/MethodInvocation.java	0	junit-jupiter-engine	org.junit.jupiter.engine.execution
junit-jupiter-engine/src/main/java/org/junit/jupiter/engine/execution/NamespaceAwareStore.java	0	junit-jupiter-engine	org.junit.jupiter.engine.execution
junit-jupiter-engine/src/main/java/org/junit/jupiter/engine/execution/ParameterResolutionUtils.java	0	junit-jupiter-engine	org.junit.jupiter.engine.execution
junit-jupiter-engine/src/main/java/org/junit/jupiter/engine/execution/TestInstancesProvider.java	0	junit-jupiter-engine	org.junit.jupiter.engine.execution
junit-jupiter-engine/src/main/java/org/junit/jupiter/engine/extension/DefaultTestReporter.java	0	junit-jupiter-engine	org.junit.jupiter.engine.extension
junit-jupiter-engine/src/main/java/org/junit/jupiter/engine/extension/DisabledCondition.java	0	junit-jupiter-engine	org.junit.jupiter.engine.extension
junit-jupiter-engine/src/main/java/org/junit/jupiter/engine/extension/ExtensionRegistry.java	0	junit-jupiter-engine	org.junit.jupiter.engine.extension
junit-jupiter-engine/src/main/java/org/junit/jupiter/engine/extension/TestInfoParameterResolver.java	0	junit-jupiter-engine	org.junit.jupiter.engine.extension
junit-jupiter-engine/src/main/java/org/junit/jupiter/engine/extension/TestReporterParameterResolver.java	0	junit-jupiter-engine	org.junit.jupiter.engine.extension
junit-jupiter-engine/src/main/java/org/junit/jupiter/engine/support/MethodReflectionUtils.java	0	junit-jupiter-engine	org.junit.jupiter.engine.support
junit-jupiter-engine/src/main/java/org/junit/jupiter/engine/support/OpenTest4JAndJUnit4AwareThrowableCollector.java	0	junit-jupiter-engine	org.junit.jupiter.engine.support
junit-platform-commons/src/main/java/org/junit/platform/commons/util/KotlinFunctionUtils.java	0	junit-platform-commons	org.junit.platform.commons.util
junit-platform-commons/src/main/java/org/junit/platform/commons/util/KotlinReflectionUtils.java	0	junit-platform-commons	org.junit.platform.commons.util
junit-platform-engine/src/main/java/org/junit/platform/engine/TestDescriptor.java	0	junit-platform-engine	org.junit.platform.engine
junit-platform-engine/src/main/java/org/junit/platform/engine/TestEngine.java	0	junit-platform-engine	org.junit.platform.engine
junit-platform-engine/src/main/java/org/junit/platform/engine/reporting/FileEntry.java	0	junit-platform-engine	org.junit.platform.engine.reporting
junit-platform-engine/src/main/java/org/junit/platform/engine/reporting/ReportEntry.java	0	junit-platform-engine	org.junit.platform.engine.reporting
junit-platform-engine/src/main/java/org/junit/platform/engine/support/descriptor/AbstractTestDescriptor.java	0	junit-platform-engine	org.junit.platform.engine.support.descriptor
junit-platform-engine/src/main/java/org/junit/platform/engine/support/descriptor/EngineDescriptor.java	0	junit-platform-engine	org.junit.platform.engine.support.descriptor
junit-platform-engine/src/main/java/org/junit/platform/engine/support/discovery/EngineDiscoveryRequestResolution.java	0	junit-platform-engine	org.junit.platform.engine.support.discovery
junit-platform-engine/src/main/java/org/junit/platform/engine/support/discovery/SelectorResolver.java	0	junit-platform-engine	org.junit.platform.engine.support.discovery
junit-platform-engine/src/main/java/org/junit/platform/engine/support/hierarchical/EngineExecutionContext.java	0	junit-platform-engine	org.junit.platform.engine.support.hierarchical
junit-platform-engine/src/main/java/org/junit/platform/engine/support/hierarchical/ThrowableCollector.java	0	junit-platform-engine	org.junit.platform.engine.support.hierarchical
junit-platform-engine/src/main/java/org/junit/platform/engine/support/store/Namespace.java	0	junit-platform-engine	org.junit.platform.engine.support.store
platform-tooling-support-tests/src/main/java/platform/tooling/support/OutputAttachingExtension.java	0	platform-tooling-support-tests	platform.tooling.support
junit-jupiter-api/src/main/java/org/junit/jupiter/api/condition/MethodBasedCondition.java	1	junit-jupiter-api	org.junit.jupiter.api.condition
junit-jupiter-params/src/main/java/org/junit/jupiter/params/ParameterizedClassExtension.java	1	junit-jupiter-params	org.junit.jupiter.params
junit-jupiter-params/src/main/java/org/junit/jupiter/params/ParameterizedTest.java	1	junit-jupiter-params	org.junit.jupiter.params
junit-jupiter-params/src/main/java/org/junit/jupiter/params/ParameterizedTestExtension.java	1	junit-jupiter-params	org.junit.jupiter.params
junit-jupiter-params/src/main/java/org/junit/jupiter/params/ParameterizedTestInvocationContext.java	1	junit-jupiter-params	org.junit.jupiter.params
junit-jupiter-params/src/main/java/org/junit/jupiter/params/converter/AnnotationBasedArgumentConverter.java	1	junit-jupiter-params	org.junit.jupiter.params.converter
junit-jupiter-params/src/main/java/org/junit/jupiter/params/converter/ArgumentConversionException.java	1	junit-jupiter-params	org.junit.jupiter.params.converter
junit-jupiter-params/src/main/java/org/junit/jupiter/params/converter/ArgumentConverter.java	1	junit-jupiter-params	org.junit.jupiter.params.converter
junit-jupiter-params/src/main/java/org/junit/jupiter/params/converter/ConvertWith.java	1	junit-jupiter-params	org.junit.jupiter.params.converter
junit-jupiter-params/src/main/java/org/junit/jupiter/params/converter/DefaultArgumentConverter.java	1	junit-jupiter-params	org.junit.jupiter.params.converter
junit-jupiter-params/src/main/java/org/junit/jupiter/params/converter/JavaTimeArgumentConverter.java	1	junit-jupiter-params	org.junit.jupiter.params.converter
junit-jupiter-params/src/main/java/org/junit/jupiter/params/converter/JavaTimeConversionPattern.java	1	junit-jupiter-params	org.junit.jupiter.params.converter
junit-jupiter-params/src/main/java/org/junit/jupiter/params/converter/SimpleArgumentConverter.java	1	junit-jupiter-params	org.junit.jupiter.params.converter
junit-jupiter-params/src/main/java/org/junit/jupiter/params/converter/package-info.java	1	junit-jupiter-params	org.junit.jupiter.params.converter
junit-jupiter-params/src/main/java/org/junit/jupiter/params/provider/AnnotationBasedArgumentsProvider.java	1	junit-jupiter-params	org.junit.jupiter.params.provider
junit-jupiter-params/src/main/java/org/junit/jupiter/params/provider/Arguments.java	1	junit-jupiter-params	org.junit.jupiter.params.provider
junit-jupiter-params/src/main/java/org/junit/jupiter/params/provider/ArgumentsProvider.java	1	junit-jupiter-params	org.junit.jupiter.params.provider
junit-jupiter-params/src/main/java/org/junit/jupiter/params/provider/ArgumentsSource.java	1	junit-jupiter-params	org.junit.jupiter.params.provider
junit-jupiter-params/src/main/java/org/junit/jupiter/params/provider/ArgumentsSources.java	1	junit-jupiter-params	org.junit.jupiter.params.provider
junit-jupiter-params/src/main/java/org/junit/jupiter/params/provider/CsvArgumentsProvider.java	1	junit-jupiter-params	org.junit.jupiter.params.provider
junit-jupiter-params/src/main/java/org/junit/jupiter/params/provider/CsvFileArgumentsProvider.java	1	junit-jupiter-params	org.junit.jupiter.params.provider
junit-jupiter-params/src/main/java/org/junit/jupiter/params/provider/CsvFileSource.java	1	junit-jupiter-params	org.junit.jupiter.params.provider
junit-jupiter-params/src/main/java/org/junit/jupiter/params/provider/CsvFileSources.java	1	junit-jupiter-params	org.junit.jupiter.params.provider
junit-jupiter-params/src/main/java/org/junit/jupiter/params/provider/CsvReaderFactory.java	1	junit-jupiter-params	org.junit.jupiter.params.provider
junit-jupiter-params/src/main/java/org/junit/jupiter/params/provider/CsvSource.java	1	junit-jupiter-params	org.junit.jupiter.params.provider
junit-jupiter-params/src/main/java/org/junit/jupiter/params/provider/CsvSources.java	1	junit-jupiter-params	org.junit.jupiter.params.provider
junit-jupiter-params/src/main/java/org/junit/jupiter/params/provider/EmptyArgumentsProvider.java	1	junit-jupiter-params	org.junit.jupiter.params.provider
junit-jupiter-params/src/main/java/org/junit/jupiter/params/provider/EmptySource.java	1	junit-jupiter-params	org.junit.jupiter.params.provider
junit-jupiter-params/src/main/java/org/junit/jupiter/params/provider/EnumArgumentsProvider.java	1	junit-jupiter-params	org.junit.jupiter.params.provider
junit-jupiter-params/src/main/java/org/junit/jupiter/params/provider/EnumSource.java	1	junit-jupiter-params	org.junit.jupiter.params.provider
junit-jupiter-params/src/main/java/org/junit/jupiter/params/provider/EnumSources.java	1	junit-jupiter-params	org.junit.jupiter.params.provider
junit-jupiter-params/src/main/java/org/junit/jupiter/params/provider/FieldSource.java	1	junit-jupiter-params	org.junit.jupiter.params.provider
junit-jupiter-params/src/main/java/org/junit/jupiter/params/provider/FieldSources.java	1	junit-jupiter-params	org.junit.jupiter.params.provider
junit-jupiter-params/src/main/java/org/junit/jupiter/params/provider/MethodArgumentsProvider.java	1	junit-jupiter-params	org.junit.jupiter.params.provider
junit-jupiter-params/src/main/java/org/junit/jupiter/params/provider/MethodSource.java	1	junit-jupiter-params	org.junit.jupiter.params.provider
junit-jupiter-params/src/main/java/org/junit/jupiter/params/provider/MethodSources.java	1	junit-jupiter-params	org.junit.jupiter.params.provider
junit-jupiter-params/src/main/java/org/junit/jupiter/params/provider/NullAndEmptySource.java	1	junit-jupiter-params	org.junit.jupiter.params.provider
junit-jupiter-params/src/main/java/org/junit/jupiter/params/provider/NullEnum.java	1	junit-jupiter-params	org.junit.jupiter.params.provider
junit-jupiter-params/src/main/java/org/junit/jupiter/params/provider/NullSource.java	1	junit-jupiter-params	org.junit.jupiter.params.provider
junit-jupiter-params/src/main/java/org/junit/jupiter/params/provider/ValueArgumentsProvider.java	1	junit-jupiter-params	org.junit.jupiter.params.provider
junit-jupiter-params/src/main/java/org/junit/jupiter/params/provider/ValueSource.java	1	junit-jupiter-params	org.junit.jupiter.params.provider
junit-jupiter-params/src/main/java/org/junit/jupiter/params/provider/ValueSources.java	1	junit-jupiter-params	org.junit.jupiter.params.provider
junit-jupiter-params/src/main/java/org/junit/jupiter/params/provider/package-info.java	1	junit-jupiter-params	org.junit.jupiter.params.provider
junit-jupiter-params/src/main/java/org/junit/jupiter/params/support/AnnotationConsumer.java	1	junit-jupiter-params	org.junit.jupiter.params.support
junit-jupiter-params/src/main/java/org/junit/jupiter/params/support/AnnotationConsumerInitializer.java	1	junit-jupiter-params	org.junit.jupiter.params.support
junit-jupiter-params/src/main/java/org/junit/jupiter/params/support/package-info.java	1	junit-jupiter-params	org.junit.jupiter.params.support
junit-platform-engine/src/main/java/org/junit/platform/engine/CompositeFilter.java	2	junit-platform-engine	org.junit.platform.engine
junit-platform-engine/src/main/java/org/junit/platform/engine/DiscoveryFilter.java	2	junit-platform-engine	org.junit.platform.engine
junit-platform-engine/src/main/java/org/junit/platform/engine/EngineDiscoveryRequest.java	2	junit-platform-engine	org.junit.platform.engine
junit-platform-engine/src/main/java/org/junit/platform/engine/ExecutionRequest.java	2	junit-platform-engine	org.junit.platform.engine
junit-platform-engine/src/main/java/org/junit/platform/engine/Filter.java	2	junit-platform-engine	org.junit.platform.engine
junit-platform-engine/src/main/java/org/junit/platform/engine/FilterResult.java	2	junit-platform-engine	org.junit.platform.engine
junit-platform-engine/src/main/java/org/junit/platform/engine/TestExecutionResult.java	2	junit-platform-engine	org.junit.platform.engine
junit-platform-engine/src/main/java/org/junit/platform/engine/discovery/ClassNameFilter.java	2	junit-platform-engine	org.junit.platform.engine.discovery
junit-platform-engine/src/main/java/org/junit/platform/engine/discovery/IncludeClassNameFilter.java	2	junit-platform-engine	org.junit.platform.engine.discovery
junit-platform-engine/src/main/java/org/junit/platform/engine/reporting/OutputDirectoryProvider.java	2	junit-platform-engine	org.junit.platform.engine.reporting
junit-platform-launcher/src/main/java/org/junit/platform/launcher/EngineFilter.java	2	junit-platform-launcher	org.junit.platform.launcher
junit-platform-launcher/src/main/java/org/junit/platform/launcher/LauncherDiscoveryRequest.java	2	junit-platform-launcher	org.junit.platform.launcher
junit-platform-launcher/src/main/java/org/junit/platform/launcher/PostDiscoveryFilter.java	2	junit-platform-launcher	org.junit.platform.launcher
junit-platform-launcher/src/main/java/org/junit/platform/launcher/TestPlan.java	2	junit-platform-launcher	org.junit.platform.launcher
junit-platform-launcher/src/main/java/org/junit/platform/launcher/core/DefaultDiscoveryRequest.java	2	junit-platform-launcher	org.junit.platform.launcher.core
junit-platform-launcher/src/main/java/org/junit/platform/launcher/core/DiscoveryIssueCollector.java	2	junit-platform-launcher	org.junit.platform.launcher.core
junit-platform-launcher/src/main/java/org/junit/platform/launcher/core/DiscoveryIssueNotifier.java	2	junit-platform-launcher	org.junit.platform.launcher.core
junit-platform-launcher/src/main/java/org/junit/platform/launcher/core/EngineDiscoveryOrchestrator.java	2	junit-platform-launcher	org.junit.platform.launcher.core
junit-platform-launcher/src/main/java/org/junit/platform/launcher/core/EngineExecutionOrchestrator.java	2	junit-platform-launcher	org.junit.platform.launcher.core
junit-platform-launcher/src/main/java/org/junit/platform/launcher/core/EngineIdValidator.java	2	junit-platform-launcher	org.junit.platform.launcher.core
junit-platform-launcher/src/main/java/org/junit/platform/launcher/core/HierarchicalOutputDirectoryCreator.java	2	junit-platform-launcher	org.junit.platform.launcher.core
junit-platform-launcher/src/main/java/org/junit/platform/launcher/core/InternalTestPlan.java	2	junit-platform-launcher	org.junit.platform.launcher.core
junit-platform-launcher/src/main/java/org/junit/platform/launcher/core/LauncherDiscoveryRequestBuilder.java	2	junit-platform-launcher	org.junit.platform.launcher.core
junit-platform-launcher/src/main/java/org/junit/platform/launcher/core/LauncherDiscoveryResult.java	2	junit-platform-launcher	org.junit.platform.launcher.core
junit-platform-launcher/src/main/java/org/junit/platform/launcher/core/StackTracePruningEngineExecutionListener.java	2	junit-platform-launcher	org.junit.platform.launcher.core
junit-platform-suite-api/src/main/java/org/junit/platform/suite/api/ConfigurationParameter.java	2	junit-platform-suite-api	org.junit.platform.suite.api
junit-platform-suite-api/src/main/java/org/junit/platform/suite/api/SelectClasspathResource.java	2	junit-platform-suite-api	org.junit.platform.suite.api
junit-platform-suite-api/src/main/java/org/junit/platform/suite/api/SelectDirectories.java	2	junit-platform-suite-api	org.junit.platform.suite.api
junit-platform-suite-api/src/main/java/org/junit/platform/suite/api/SelectFile.java	2	junit-platform-suite-api	org.junit.platform.suite.api
junit-platform-suite-api/src/main/java/org/junit/platform/suite/api/SelectMethod.java	2	junit-platform-suite-api	org.junit.platform.suite.api
junit-platform-suite-api/src/main/java/org/junit/platform/suite/api/SelectModules.java	2	junit-platform-suite-api	org.junit.platform.suite.api
junit-platform-suite-api/src/main/java/org/junit/platform/suite/api/SelectUris.java	2	junit-platform-suite-api	org.junit.platform.suite.api
junit-platform-suite-api/src/main/java/org/junit/platform/suite/api/Suite.java	2	junit-platform-suite-api	org.junit.platform.suite.api
junit-platform-suite-engine/src/main/java/org/junit/platform/suite/engine/AdditionalDiscoverySelectors.java	2	junit-platform-suite-engine	org.junit.platform.suite.engine
junit-platform-suite-engine/src/main/java/org/junit/platform/suite/engine/ClassSelectorResolver.java	2	junit-platform-suite-engine	org.junit.platform.suite.engine
junit-platform-suite-engine/src/main/java/org/junit/platform/suite/engine/DiscoverySelectorResolver.java	2	junit-platform-suite-engine	org.junit.platform.suite.engine
junit-platform-suite-engine/src/main/java/org/junit/platform/suite/engine/IsSuiteClass.java	2	junit-platform-suite-engine	org.junit.platform.suite.engine
junit-platform-suite-engine/src/main/java/org/junit/platform/suite/engine/SuiteLauncher.java	2	junit-platform-suite-engine	org.junit.platform.suite.engine
junit-platform-suite-engine/src/main/java/org/junit/platform/suite/engine/SuiteLauncherDiscoveryRequestBuilder.java	2	junit-platform-suite-engine	org.junit.platform.suite.engine
junit-platform-suite-engine/src/main/java/org/junit/platform/suite/engine/SuiteTestDescriptor.java	2	junit-platform-suite-engine	org.junit.platform.suite.engine
junit-platform-suite-engine/src/main/java/org/junit/platform/suite/engine/SuiteTestEngine.java	2	junit-platform-suite-engine	org.junit.platform.suite.engine
junit-platform-testkit/src/main/java/org/junit/platform/testkit/engine/EngineTestKit.java	2	junit-platform-testkit	org.junit.platform.testkit.engine
junit-platform-commons/src/main/java/org/junit/platform/commons/support/AnnotationSupport.java	3	junit-platform-commons	org.junit.platform.commons.support
junit-platform-commons/src/main/java/org/junit/platform/commons/support/ClassSupport.java	3	junit-platform-commons	org.junit.platform.commons.support
junit-platform-commons/src/main/java/org/junit/platform/commons/support/DefaultResource.java	3	junit-platform-commons	org.junit.platform.commons.support
junit-platform-commons/src/main/java/org/junit/platform/commons/support/HierarchyTraversalMode.java	3	junit-platform-commons	org.junit.platform.commons.support
junit-platform-commons/src/main/java/org/junit/platform/commons/support/ModifierSupport.java	3	junit-platform-commons	org.junit.platform.commons.support
junit-platform-commons/src/main/java/org/junit/platform/commons/support/ReflectionSupport.java	3	junit-platform-commons	org.junit.platform.commons.support
junit-platform-commons/src/main/java/org/junit/platform/commons/support/Resource.java	3	junit-platform-commons	org.junit.platform.commons.support
junit-platform-commons/src/main/java/org/junit/platform/commons/support/ResourceSupport.java	3	junit-platform-commons	org.junit.platform.commons.support
junit-platform-commons/src/main/java/org/junit/platform/commons/support/SearchOption.java	3	junit-platform-commons	org.junit.platform.commons.support
junit-platform-commons/src/main/java/org/junit/platform/commons/util/AnnotationUtils.java	3	junit-platform-commons	org.junit.platform.commons.util
junit-platform-commons/src/main/java/org/junit/platform/commons/util/ClassUtils.java	3	junit-platform-commons	org.junit.platform.commons.util
junit-platform-commons/src/main/java/org/junit/platform/commons/util/ClasspathFileVisitor.java	3	junit-platform-commons	org.junit.platform.commons.util
junit-platform-commons/src/main/java/org/junit/platform/commons/util/ClasspathScannerLoader.java	3	junit-platform-commons	org.junit.platform.commons.util
junit-platform-commons/src/main/java/org/junit/platform/commons/util/CloseablePath.java	3	junit-platform-commons	org.junit.platform.commons.util
junit-platform-commons/src/main/java/org/junit/platform/commons/util/CollectionUtils.java	3	junit-platform-commons	org.junit.platform.commons.util
junit-platform-commons/src/main/java/org/junit/platform/commons/util/DefaultClasspathScanner.java	3	junit-platform-commons	org.junit.platform.commons.util
junit-platform-commons/src/main/java/org/junit/platform/commons/util/ExceptionUtils.java	3	junit-platform-commons	org.junit.platform.commons.util
junit-platform-commons/src/main/java/org/junit/platform/commons/util/FunctionUtils.java	3	junit-platform-commons	org.junit.platform.commons.util
junit-platform-commons/src/main/java/org/junit/platform/commons/util/ModuleUtils.java	3	junit-platform-commons	org.junit.platform.commons.util
junit-platform-commons/src/main/java/org/junit/platform/commons/util/PackageUtils.java	3	junit-platform-commons	org.junit.platform.commons.util
junit-platform-commons/src/main/java/org/junit/platform/commons/util/ReflectionUtils.java	3	junit-platform-commons	org.junit.platform.commons.util
junit-platform-commons/src/main/java/org/junit/platform/commons/util/StringUtils.java	3	junit-platform-commons	org.junit.platform.commons.util
junit-platform-commons/src/main/java/org/junit/platform/commons/util/ToStringBuilder.java	3	junit-platform-commons	org.junit.platform.commons.util
junit-platform-engine/src/main/java/org/junit/platform/engine/DiscoverySelector.java	3	junit-platform-engine	org.junit.platform.engine
junit-platform-engine/src/main/java/org/junit/platform/engine/discovery/ClassSelector.java	3	junit-platform-engine	org.junit.platform.engine.discovery
junit-platform-engine/src/main/java/org/junit/platform/engine/discovery/ClasspathResourceSelector.java	3	junit-platform-engine	org.junit.platform.engine.discovery
junit-platform-engine/src/main/java/org/junit/platform/engine/discovery/ClasspathRootSelector.java	3	junit-platform-engine	org.junit.platform.engine.discovery
junit-platform-engine/src/main/java/org/junit/platform/engine/discovery/DirectorySelector.java	3	junit-platform-engine	org.junit.platform.engine.discovery
junit-platform-engine/src/main/java/org/junit/platform/engine/discovery/DiscoverySelectorIdentifierParsers.java	3	junit-platform-engine	org.junit.platform.engine.discovery
junit-platform-engine/src/main/java/org/junit/platform/engine/discovery/DiscoverySelectors.java	3	junit-platform-engine	org.junit.platform.engine.discovery
junit-platform-engine/src/main/java/org/junit/platform/engine/discovery/FilePosition.java	3	junit-platform-engine	org.junit.platform.engine.discovery
junit-platform-engine/src/main/java/org/junit/platform/engine/discovery/FileSelector.java	3	junit-platform-engine	org.junit.platform.engine.discovery
junit-platform-engine/src/main/java/org/junit/platform/engine/discovery/IterationSelector.java	3	junit-platform-engine	org.junit.platform.engine.discovery
junit-platform-engine/src/main/java/org/junit/platform/engine/discovery/MethodSelector.java	3	junit-platform-engine	org.junit.platform.engine.discovery
junit-platform-engine/src/main/java/org/junit/platform/engine/discovery/ModuleSelector.java	3	junit-platform-engine	org.junit.platform.engine.discovery
junit-platform-engine/src/main/java/org/junit/platform/engine/discovery/NestedClassSelector.java	3	junit-platform-engine	org.junit.platform.engine.discovery
junit-platform-engine/src/main/java/org/junit/platform/engine/discovery/NestedMethodSelector.java	3	junit-platform-engine	org.junit.platform.engine.discovery
junit-platform-engine/src/main/java/org/junit/platform/engine/discovery/PackageSelector.java	3	junit-platform-engine	org.junit.platform.engine.discovery
junit-platform-engine/src/main/java/org/junit/platform/engine/discovery/UniqueIdSelector.java	3	junit-platform-engine	org.junit.platform.engine.discovery
junit-platform-engine/src/main/java/org/junit/platform/engine/discovery/UriSelector.java	3	junit-platform-engine	org.junit.platform.engine.discovery
junit-platform-engine/src/main/java/org/junit/platform/engine/support/discovery/ResourceContainerSelectorResolver.java	3	junit-platform-engine	org.junit.platform.engine.support.discovery
junit-platform-console/src/main/java/org/junit/platform/console/ConsoleLauncher.java	4	junit-platform-console	org.junit.platform.console
junit-platform-console/src/main/java/org/junit/platform/console/command/BaseCommand.java	4	junit-platform-console	org.junit.platform.console.command
junit-platform-console/src/main/java/org/junit/platform/console/command/CommandFacade.java	4	junit-platform-console	org.junit.platform.console.command
junit-platform-console/src/main/java/org/junit/platform/console/command/CommandResult.java	4	junit-platform-console	org.junit.platform.console.command
junit-platform-console/src/main/java/org/junit/platform/console/command/ConsoleTestExecutor.java	4	junit-platform-console	org.junit.platform.console.command
junit-platform-console/src/main/java/org/junit/platform/console/command/CustomClassLoaderCloseStrategy.java	4	junit-platform-console	org.junit.platform.console.command
junit-platform-console/src/main/java/org/junit/platform/console/command/CustomContextClassLoaderExecutor.java	4	junit-platform-console	org.junit.platform.console.command
junit-platform-console/src/main/java/org/junit/platform/console/command/DiscoverTestsCommand.java	4	junit-platform-console	org.junit.platform.console.command
junit-platform-console/src/main/java/org/junit/platform/console/command/DiscoveryRequestCreator.java	4	junit-platform-console	org.junit.platform.console.command
junit-platform-console/src/main/java/org/junit/platform/console/command/ExecuteTestsCommand.java	4	junit-platform-console	org.junit.platform.console.command
junit-platform-console/src/main/java/org/junit/platform/console/command/ListTestEnginesCommand.java	4	junit-platform-console	org.junit.platform.console.command
junit-platform-console/src/main/java/org/junit/platform/console/command/MainCommand.java	4	junit-platform-console	org.junit.platform.console.command
junit-platform-console/src/main/java/org/junit/platform/console/command/ManifestVersionProvider.java	4	junit-platform-console	org.junit.platform.console.command
junit-platform-console/src/main/java/org/junit/platform/console/command/OutputStreamConfig.java	4	junit-platform-console	org.junit.platform.console.command
junit-platform-console/src/main/java/org/junit/platform/console/options/AnsiColorOptionMixin.java	4	junit-platform-console	org.junit.platform.console.options
junit-platform-console/src/main/java/org/junit/platform/console/options/Details.java	4	junit-platform-console	org.junit.platform.console.options
junit-platform-console/src/main/java/org/junit/platform/console/options/SelectorConverter.java	4	junit-platform-console	org.junit.platform.console.options
junit-platform-console/src/main/java/org/junit/platform/console/options/TestConsoleOutputOptions.java	4	junit-platform-console	org.junit.platform.console.options
junit-platform-console/src/main/java/org/junit/platform/console/options/TestConsoleOutputOptionsMixin.java	4	junit-platform-console	org.junit.platform.console.options
junit-platform-console/src/main/java/org/junit/platform/console/options/TestDiscoveryOptions.java	4	junit-platform-console	org.junit.platform.console.options
junit-platform-console/src/main/java/org/junit/platform/console/options/TestDiscoveryOptionsMixin.java	4	junit-platform-console	org.junit.platform.console.options
junit-platform-console/src/main/java/org/junit/platform/console/output/ColorPalette.java	4	junit-platform-console	org.junit.platform.console.output
junit-platform-console/src/main/java/org/junit/platform/console/output/DetailsPrintingListener.java	4	junit-platform-console	org.junit.platform.console.output
junit-platform-console/src/main/java/org/junit/platform/console/output/FlatPrintingListener.java	4	junit-platform-console	org.junit.platform.console.output
junit-platform-console/src/main/java/org/junit/platform/console/output/Style.java	4	junit-platform-console	org.junit.platform.console.output
junit-platform-console/src/main/java/org/junit/platform/console/output/TestFeedPrintingListener.java	4	junit-platform-console	org.junit.platform.console.output
junit-platform-console/src/main/java/org/junit/platform/console/output/Theme.java	4	junit-platform-console	org.junit.platform.console.output
junit-platform-console/src/main/java/org/junit/platform/console/output/TreeNode.java	4	junit-platform-console	org.junit.platform.console.output
junit-platform-console/src/main/java/org/junit/platform/console/output/TreePrinter.java	4	junit-platform-console	org.junit.platform.console.output
junit-platform-console/src/main/java/org/junit/platform/console/output/TreePrintingListener.java	4	junit-platform-console	org.junit.platform.console.output
junit-platform-console/src/main/java/org/junit/platform/console/output/VerboseTreePrintingListener.java	4	junit-platform-console	org.junit.platform.console.output
junit-platform-engine/src/main/java/org/junit/platform/engine/EngineExecutionListener.java	5	junit-platform-engine	org.junit.platform.engine
junit-platform-launcher/src/main/java/org/junit/platform/launcher/Launcher.java	5	junit-platform-launcher	org.junit.platform.launcher
junit-platform-launcher/src/main/java/org/junit/platform/launcher/LauncherConstants.java	5	junit-platform-launcher	org.junit.platform.launcher
junit-platform-launcher/src/main/java/org/junit/platform/launcher/LauncherDiscoveryListener.java	5	junit-platform-launcher	org.junit.platform.launcher
junit-platform-launcher/src/main/java/org/junit/platform/launcher/LauncherInterceptor.java	5	junit-platform-launcher	org.junit.platform.launcher
junit-platform-launcher/src/main/java/org/junit/platform/launcher/LauncherSession.java	5	junit-platform-launcher	org.junit.platform.launcher
junit-platform-launcher/src/main/java/org/junit/platform/launcher/LauncherSessionListener.java	5	junit-platform-launcher	org.junit.platform.launcher
junit-platform-launcher/src/main/java/org/junit/platform/launcher/TestExecutionListener.java	5	junit-platform-launcher	org.junit.platform.launcher
junit-platform-launcher/src/main/java/org/junit/platform/launcher/core/DefaultLauncher.java	5	junit-platform-launcher	org.junit.platform.launcher.core
junit-platform-launcher/src/main/java/org/junit/platform/launcher/core/DefaultLauncherConfig.java	5	junit-platform-launcher	org.junit.platform.launcher.core
junit-platform-launcher/src/main/java/org/junit/platform/launcher/core/DefaultLauncherSession.java	5	junit-platform-launcher	org.junit.platform.launcher.core
junit-platform-launcher/src/main/java/org/junit/platform/launcher/core/DelegatingLauncher.java	5	junit-platform-launcher	org.junit.platform.launcher.core
junit-platform-launcher/src/main/java/org/junit/platform/launcher/core/ExecutionListenerAdapter.java	5	junit-platform-launcher	org.junit.platform.launcher.core
junit-platform-launcher/src/main/java/org/junit/platform/launcher/core/InterceptingLauncher.java	5	junit-platform-launcher	org.junit.platform.launcher.core
junit-platform-launcher/src/main/java/org/junit/platform/launcher/core/LauncherConfig.java	5	junit-platform-launcher	org.junit.platform.launcher.core
junit-platform-launcher/src/main/java/org/junit/platform/launcher/core/LauncherFactory.java	5	junit-platform-launcher	org.junit.platform.launcher.core
junit-platform-launcher/src/main/java/org/junit/platform/launcher/core/OutcomeDelayingEngineExecutionListener.java	5	junit-platform-launcher	org.junit.platform.launcher.core
junit-platform-launcher/src/main/java/org/junit/platform/launcher/core/ServiceLoaderRegistry.java	5	junit-platform-launcher	org.junit.platform.launcher.core
junit-platform-launcher/src/main/java/org/junit/platform/launcher/core/ServiceLoaderTestEngineRegistry.java	5	junit-platform-launcher	org.junit.platform.launcher.core
junit-platform-launcher/src/main/java/org/junit/platform/launcher/core/SessionPerRequestLauncher.java	5	junit-platform-launcher	org.junit.platform.launcher.core
junit-platform-launcher/src/main/java/org/junit/platform/launcher/jfr/FlightRecordingDiscoveryListener.java	5	junit-platform-launcher	org.junit.platform.launcher.jfr
junit-platform-launcher/src/main/java/org/junit/platform/launcher/jfr/FlightRecordingExecutionListener.java	5	junit-platform-launcher	org.junit.platform.launcher.jfr
junit-platform-launcher/src/main/java/org/junit/platform/launcher/listeners/LoggingListener.java	5	junit-platform-launcher	org.junit.platform.launcher.listeners
junit-platform-launcher/src/main/java/org/junit/platform/launcher/listeners/MutableTestExecutionSummary.java	5	junit-platform-launcher	org.junit.platform.launcher.listeners
junit-platform-launcher/src/main/java/org/junit/platform/launcher/listeners/SummaryGeneratingListener.java	5	junit-platform-launcher	org.junit.platform.launcher.listeners
junit-platform-launcher/src/main/java/org/junit/platform/launcher/listeners/TestExecutionSummary.java	5	junit-platform-launcher	org.junit.platform.launcher.listeners
junit-platform-launcher/src/main/java/org/junit/platform/launcher/listeners/discovery/CompositeLauncherDiscoveryListener.java	5	junit-platform-launcher	org.junit.platform.launcher.listeners.discovery
junit-platform-launcher/src/main/java/org/junit/platform/launcher/listeners/discovery/LoggingLauncherDiscoveryListener.java	5	junit-platform-launcher	org.junit.platform.launcher.listeners.discovery
junit-jupiter-api/src/main/java/org/junit/jupiter/api/AssertAll.java	6	junit-jupiter-api	org.junit.jupiter.api
junit-jupiter-api/src/main/java/org/junit/jupiter/api/AssertArrayEquals.java	6	junit-jupiter-api	org.junit.jupiter.api
junit-jupiter-api/src/main/java/org/junit/jupiter/api/AssertDoesNotThrow.java	6	junit-jupiter-api	org.junit.jupiter.api
junit-jupiter-api/src/main/java/org/junit/jupiter/api/AssertEquals.java	6	junit-jupiter-api	org.junit.jupiter.api
junit-jupiter-api/src/main/java/org/junit/jupiter/api/AssertFalse.java	6	junit-jupiter-api	org.junit.jupiter.api
junit-jupiter-api/src/main/java/org/junit/jupiter/api/AssertInstanceOf.java	6	junit-jupiter-api	org.junit.jupiter.api
junit-jupiter-api/src/main/java/org/junit/jupiter/api/AssertIterableEquals.java	6	junit-jupiter-api	org.junit.jupiter.api
junit-jupiter-api/src/main/java/org/junit/jupiter/api/AssertLinesMatch.java	6	junit-jupiter-api	org.junit.jupiter.api
junit-jupiter-api/src/main/java/org/junit/jupiter/api/AssertNotEquals.java	6	junit-jupiter-api	org.junit.jupiter.api
junit-jupiter-api/src/main/java/org/junit/jupiter/api/AssertNotNull.java	6	junit-jupiter-api	org.junit.jupiter.api
junit-jupiter-api/src/main/java/org/junit/jupiter/api/AssertNotSame.java	6	junit-jupiter-api	org.junit.jupiter.api
junit-jupiter-api/src/main/java/org/junit/jupiter/api/AssertNull.java	6	junit-jupiter-api	org.junit.jupiter.api
junit-jupiter-api/src/main/java/org/junit/jupiter/api/AssertSame.java	6	junit-jupiter-api	org.junit.jupiter.api
junit-jupiter-api/src/main/java/org/junit/jupiter/api/AssertThrows.java	6	junit-jupiter-api	org.junit.jupiter.api
junit-jupiter-api/src/main/java/org/junit/jupiter/api/AssertThrowsExactly.java	6	junit-jupiter-api	org.junit.jupiter.api
junit-jupiter-api/src/main/java/org/junit/jupiter/api/AssertTimeout.java	6	junit-jupiter-api	org.junit.jupiter.api
junit-jupiter-api/src/main/java/org/junit/jupiter/api/AssertTimeoutPreemptively.java	6	junit-jupiter-api	org.junit.jupiter.api
junit-jupiter-api/src/main/java/org/junit/jupiter/api/AssertTrue.java	6	junit-jupiter-api	org.junit.jupiter.api
junit-jupiter-api/src/main/java/org/junit/jupiter/api/AssertionFailureBuilder.java	6	junit-jupiter-api	org.junit.jupiter.api
junit-jupiter-api/src/main/java/org/junit/jupiter/api/AssertionUtils.java	6	junit-jupiter-api	org.junit.jupiter.api
junit-jupiter-api/src/main/java/org/junit/jupiter/api/Assertions.java	6	junit-jupiter-api	org.junit.jupiter.api
junit-jupiter-api/src/main/java/org/junit/jupiter/api/Assumptions.java	6	junit-jupiter-api	org.junit.jupiter.api
junit-jupiter-api/src/main/java/org/junit/jupiter/api/function/Executable.java	6	junit-jupiter-api	org.junit.jupiter.api.function
junit-jupiter-api/src/main/java/org/junit/jupiter/api/timeout/PreemptiveTimeoutUtils.java	6	junit-jupiter-api	org.junit.jupiter.api.timeout
junit-platform-commons/src/main/java/org/junit/platform/commons/util/ClassLoaderUtils.java	6	junit-platform-commons	org.junit.platform.commons.util
junit-platform-commons/src/main/java/org/junit/platform/commons/util/Preconditions.java	6	junit-platform-commons	org.junit.platform.commons.util
junit-jupiter-api/src/main/java/org/junit/jupiter/api/extension/AfterAllCallback.java	7	junit-jupiter-api	org.junit.jupiter.api.extension
junit-jupiter-api/src/main/java/org/junit/jupiter/api/extension/AfterEachCallback.java	7	junit-jupiter-api	org.junit.jupiter.api.extension
junit-jupiter-api/src/main/java/org/junit/jupiter/api/extension/AfterTestExecutionCallback.java	7	junit-jupiter-api	org.junit.jupiter.api.extension
junit-jupiter-api/src/main/java/org/junit/jupiter/api/extension/BeforeAllCallback.java	7	junit-jupiter-api	org.junit.jupiter.api.extension
junit-jupiter-api/src/main/java/org/junit/jupiter/api/extension/BeforeEachCallback.java	7	junit-jupiter-api	org.junit.jupiter.api.extension
junit-jupiter-api/src/main/java/org/junit/jupiter/api/extension/BeforeTestExecutionCallback.java	7	junit-jupiter-api	org.junit.jupiter.api.extension
junit-jupiter-api/src/main/java/org/junit/jupiter/api/extension/ExecutionCondition.java	7	junit-jupiter-api	org.junit.jupiter.api.extension
junit-jupiter-api/src/main/java/org/junit/jupiter/api/extension/ExtendWith.java	7	junit-jupiter-api	org.junit.jupiter.api.extension
junit-jupiter-api/src/main/java/org/junit/jupiter/api/extension/Extension.java	7	junit-jupiter-api	org.junit.jupiter.api.extension
junit-jupiter-api/src/main/java/org/junit/jupiter/api/extension/Extensions.java	7	junit-jupiter-api	org.junit.jupiter.api.extension
junit-jupiter-api/src/main/java/org/junit/jupiter/api/extension/InvocationInterceptor.java	7	junit-jupiter-api	org.junit.jupiter.api.extension
junit-jupiter-api/src/main/java/org/junit/jupiter/api/extension/LifecycleMethodExecutionExceptionHandler.java	7	junit-jupiter-api	org.junit.jupiter.api.extension
junit-jupiter-api/src/main/java/org/junit/jupiter/api/extension/ParameterResolver.java	7	junit-jupiter-api	org.junit.jupiter.api.extension
junit-jupiter-api/src/main/java/org/junit/jupiter/api/extension/RegisterExtension.java	7	junit-jupiter-api	org.junit.jupiter.api.extension
junit-jupiter-api/src/main/java/org/junit/jupiter/api/extension/TestExecutionExceptionHandler.java	7	junit-jupiter-api	org.junit.jupiter.api.extension
junit-jupiter-api/src/main/java/org/junit/jupiter/api/extension/TestInstanceFactory.java	7	junit-jupiter-api	org.junit.jupiter.api.extension
junit-jupiter-api/src/main/java/org/junit/jupiter/api/extension/TestInstanceFactoryContext.java	7	junit-jupiter-api	org.junit.jupiter.api.extension
junit-jupiter-api/src/main/java/org/junit/jupiter/api/extension/TestInstancePostProcessor.java	7	junit-jupiter-api	org.junit.jupiter.api.extension
junit-jupiter-api/src/main/java/org/junit/jupiter/api/extension/TestInstancePreConstructCallback.java	7	junit-jupiter-api	org.junit.jupiter.api.extension
junit-jupiter-api/src/main/java/org/junit/jupiter/api/extension/TestInstantiationAwareExtension.java	7	junit-jupiter-api	org.junit.jupiter.api.extension
junit-jupiter-api/src/main/java/org/junit/jupiter/api/io/CleanupMode.java	7	junit-jupiter-api	org.junit.jupiter.api.io
junit-jupiter-api/src/main/java/org/junit/jupiter/api/io/TempDir.java	7	junit-jupiter-api	org.junit.jupiter.api.io
junit-jupiter-api/src/main/java/org/junit/jupiter/api/io/TempDirFactory.java	7	junit-jupiter-api	org.junit.jupiter.api.io
junit-jupiter-engine/src/main/java/org/junit/jupiter/engine/execution/ExtensionContextSupplier.java	7	junit-jupiter-engine	org.junit.jupiter.engine.execution
junit-jupiter-engine/src/main/java/org/junit/jupiter/engine/execution/InvocationInterceptorChain.java	7	junit-jupiter-engine	org.junit.jupiter.engine.execution
junit-jupiter-engine/src/main/java/org/junit/jupiter/engine/extension/TempDirectory.java	7	junit-jupiter-engine	org.junit.jupiter.engine.extension
junit-jupiter-api/src/main/java/org/junit/jupiter/api/Disabled.java	8	junit-jupiter-api	org.junit.jupiter.api
junit-jupiter-api/src/main/java/org/junit/jupiter/api/condition/DisabledForJreRange.java	8	junit-jupiter-api	org.junit.jupiter.api.condition
junit-jupiter-api/src/main/java/org/junit/jupiter/api/condition/DisabledForJreRangeCondition.java	8	junit-jupiter-api	org.junit.jupiter.api.condition
junit-jupiter-api/src/main/java/org/junit/jupiter/api/condition/DisabledIf.java	8	junit-jupiter-api	org.junit.jupiter.api.condition
junit-jupiter-api/src/main/java/org/junit/jupiter/api/condition/DisabledIfEnvironmentVariable.java	8	junit-jupiter-api	org.junit.jupiter.api.condition
junit-jupiter-api/src/main/java/org/junit/jupiter/api/condition/DisabledIfEnvironmentVariableCondition.java	8	junit-jupiter-api	org.junit.jupiter.api.condition
junit-jupiter-api/src/main/java/org/junit/jupiter/api/condition/DisabledIfSystemProperty.java	8	junit-jupiter-api	org.junit.jupiter.api.condition
junit-jupiter-api/src/main/java/org/junit/jupiter/api/condition/DisabledIfSystemPropertyCondition.java	8	junit-jupiter-api	org.junit.jupiter.api.condition
junit-jupiter-api/src/main/java/org/junit/jupiter/api/condition/DisabledInNativeImage.java	8	junit-jupiter-api	org.junit.jupiter.api.condition
junit-jupiter-api/src/main/java/org/junit/jupiter/api/condition/DisabledOnJre.java	8	junit-jupiter-api	org.junit.jupiter.api.condition
junit-jupiter-api/src/main/java/org/junit/jupiter/api/condition/DisabledOnJreCondition.java	8	junit-jupiter-api	org.junit.jupiter.api.condition
junit-jupiter-api/src/main/java/org/junit/jupiter/api/condition/DisabledOnOs.java	8	junit-jupiter-api	org.junit.jupiter.api.condition
junit-jupiter-api/src/main/java/org/junit/jupiter/api/condition/DisabledOnOsCondition.java	8	junit-jupiter-api	org.junit.jupiter.api.condition
junit-jupiter-api/src/main/java/org/junit/jupiter/api/condition/EnabledForJreRange.java	8	junit-jupiter-api	org.junit.jupiter.api.condition
junit-jupiter-api/src/main/java/org/junit/jupiter/api/condition/EnabledForJreRangeCondition.java	8	junit-jupiter-api	org.junit.jupiter.api.condition
junit-jupiter-api/src/main/java/org/junit/jupiter/api/condition/EnabledIf.java	8	junit-jupiter-api	org.junit.jupiter.api.condition
junit-jupiter-api/src/main/java/org/junit/jupiter/api/condition/EnabledIfEnvironmentVariable.java	8	junit-jupiter-api	org.junit.jupiter.api.condition
junit-jupiter-api/src/main/java/org/junit/jupiter/api/condition/EnabledIfEnvironmentVariableCondition.java	8	junit-jupiter-api	org.junit.jupiter.api.condition
junit-jupiter-api/src/main/java/org/junit/jupiter/api/condition/EnabledIfSystemProperty.java	8	junit-jupiter-api	org.junit.jupiter.api.condition
junit-jupiter-api/src/main/java/org/junit/jupiter/api/condition/EnabledIfSystemPropertyCondition.java	8	junit-jupiter-api	org.junit.jupiter.api.condition
junit-jupiter-api/src/main/java/org/junit/jupiter/api/condition/EnabledInNativeImage.java	8	junit-jupiter-api	org.junit.jupiter.api.condition
junit-jupiter-api/src/main/java/org/junit/jupiter/api/condition/EnabledOnJre.java	8	junit-jupiter-api	org.junit.jupiter.api.condition
junit-jupiter-api/src/main/java/org/junit/jupiter/api/condition/EnabledOnJreCondition.java	8	junit-jupiter-api	org.junit.jupiter.api.condition
junit-jupiter-api/src/main/java/org/junit/jupiter/api/condition/EnabledOnOs.java	8	junit-jupiter-api	org.junit.jupiter.api.condition
junit-jupiter-api/src/main/java/org/junit/jupiter/api/condition/EnabledOnOsCondition.java	8	junit-jupiter-api	org.junit.jupiter.api.condition
junit-jupiter-api/src/main/java/org/junit/jupiter/api/ClassOrderer.java	9	junit-jupiter-api	org.junit.jupiter.api
junit-jupiter-api/src/main/java/org/junit/jupiter/api/DisplayNameGeneration.java	9	junit-jupiter-api	org.junit.jupiter.api
junit-jupiter-api/src/main/java/org/junit/jupiter/api/DisplayNameGenerator.java	9	junit-jupiter-api	org.junit.jupiter.api
junit-jupiter-api/src/main/java/org/junit/jupiter/api/IndicativeSentencesGeneration.java	9	junit-jupiter-api	org.junit.jupiter.api
junit-jupiter-api/src/main/java/org/junit/jupiter/api/MethodDescriptor.java	9	junit-jupiter-api	org.junit.jupiter.api
junit-jupiter-api/src/main/java/org/junit/jupiter/api/MethodOrderer.java	9	junit-jupiter-api	org.junit.jupiter.api
junit-jupiter-api/src/main/java/org/junit/jupiter/api/MethodOrdererContext.java	9	junit-jupiter-api	org.junit.jupiter.api
junit-jupiter-api/src/main/java/org/junit/jupiter/api/Order.java	9	junit-jupiter-api	org.junit.jupiter.api
junit-jupiter-api/src/main/java/org/junit/jupiter/api/TestClassOrder.java	9	junit-jupiter-api	org.junit.jupiter.api
junit-jupiter-api/src/main/java/org/junit/jupiter/api/TestMethodOrder.java	9	junit-jupiter-api	org.junit.jupiter.api
junit-jupiter-engine/src/main/java/org/junit/jupiter/engine/descriptor/DisplayNameUtils.java	9	junit-jupiter-engine	org.junit.jupiter.engine.descriptor
junit-jupiter-engine/src/main/java/org/junit/jupiter/engine/descriptor/ExtensionUtils.java	9	junit-jupiter-engine	org.junit.jupiter.engine.descriptor
junit-jupiter-engine/src/main/java/org/junit/jupiter/engine/discovery/AbstractAnnotatedDescriptorWrapper.java	9	junit-jupiter-engine	org.junit.jupiter.engine.discovery
junit-jupiter-engine/src/main/java/org/junit/jupiter/engine/discovery/AbstractOrderingVisitor.java	9	junit-jupiter-engine	org.junit.jupiter.engine.discovery
junit-jupiter-engine/src/main/java/org/junit/jupiter/engine/discovery/ClassOrderingVisitor.java	9	junit-jupiter-engine	org.junit.jupiter.engine.discovery
junit-jupiter-engine/src/main/java/org/junit/jupiter/engine/discovery/DefaultClassDescriptor.java	9	junit-jupiter-engine	org.junit.jupiter.engine.discovery
junit-jupiter-engine/src/main/java/org/junit/jupiter/engine/discovery/DefaultMethodDescriptor.java	9	junit-jupiter-engine	org.junit.jupiter.engine.discovery
junit-jupiter-engine/src/main/java/org/junit/jupiter/engine/discovery/DefaultMethodOrdererContext.java	9	junit-jupiter-engine	org.junit.jupiter.engine.discovery
junit-jupiter-engine/src/main/java/org/junit/jupiter/engine/discovery/MethodOrderingVisitor.java	9	junit-jupiter-engine	org.junit.jupiter.engine.discovery
junit-jupiter-engine/src/main/java/org/junit/jupiter/engine/extension/AutoCloseExtension.java	9	junit-jupiter-engine	org.junit.jupiter.engine.extension
junit-jupiter-engine/src/main/java/org/junit/jupiter/engine/extension/ExtensionRegistrar.java	9	junit-jupiter-engine	org.junit.jupiter.engine.extension
junit-jupiter-engine/src/main/java/org/junit/jupiter/engine/extension/MutableExtensionRegistry.java	9	junit-jupiter-engine	org.junit.jupiter.engine.extension
junit-jupiter-params/src/main/java/org/junit/jupiter/params/provider/FieldArgumentsProvider.java	9	junit-jupiter-params	org.junit.jupiter.params.provider
junit-jupiter-engine/src/main/java/org/junit/jupiter/engine/discovery/DiscoverySelectorResolver.java	10	junit-jupiter-engine	org.junit.jupiter.engine.discovery
junit-jupiter-engine/src/main/java/org/junit/jupiter/engine/discovery/package-info.java	10	junit-jupiter-engine	org.junit.jupiter.engine.discovery
junit-jupiter-engine/src/main/java/org/junit/jupiter/engine/execution/package-info.java	10	junit-jupiter-engine	org.junit.jupiter.engine.execution
junit-jupiter-engine/src/main/java/org/junit/jupiter/engine/extension/package-info.java	10	junit-jupiter-engine	org.junit.jupiter.engine.extension
junit-vintage-engine/src/main/java/org/junit/vintage/engine/Constants.java	10	junit-vintage-engine	org.junit.vintage.engine
junit-vintage-engine/src/main/java/org/junit/vintage/engine/VintageTestEngine.java	10	junit-vintage-engine	org.junit.vintage.engine
junit-vintage-engine/src/main/java/org/junit/vintage/engine/descriptor/OrFilter.java	10	junit-vintage-engine	org.junit.vintage.engine.descriptor
junit-vintage-engine/src/main/java/org/junit/vintage/engine/descriptor/RunnerRequest.java	10	junit-vintage-engine	org.junit.vintage.engine.descriptor
junit-vintage-engine/src/main/java/org/junit/vintage/engine/descriptor/RunnerTestDescriptor.java	10	junit-vintage-engine	org.junit.vintage.engine.descriptor
junit-vintage-engine/src/main/java/org/junit/vintage/engine/descriptor/TestSourceProvider.java	10	junit-vintage-engine	org.junit.vintage.engine.descriptor
junit-vintage-engine/src/main/java/org/junit/vintage/engine/descriptor/VintageTestDescriptor.java	10	junit-vintage-engine	org.junit.vintage.engine.descriptor
junit-vintage-engine/src/main/java/org/junit/vintage/engine/discovery/ClassSelectorResolver.java	10	junit-vintage-engine	org.junit.vintage.engine.discovery
junit-vintage-engine/src/main/java/org/junit/vintage/engine/discovery/DefensiveAllDefaultPossibilitiesBuilder.java	10	junit-vintage-engine	org.junit.vintage.engine.discovery
junit-vintage-engine/src/main/java/org/junit/vintage/engine/discovery/MethodSelectorResolver.java	10	junit-vintage-engine	org.junit.vintage.engine.discovery
junit-vintage-engine/src/main/java/org/junit/vintage/engine/discovery/RunnerTestDescriptorPostProcessor.java	10	junit-vintage-engine	org.junit.vintage.engine.discovery
junit-vintage-engine/src/main/java/org/junit/vintage/engine/discovery/UniqueIdFilter.java	10	junit-vintage-engine	org.junit.vintage.engine.discovery
junit-vintage-engine/src/main/java/org/junit/vintage/engine/discovery/VintageDiscoverer.java	10	junit-vintage-engine	org.junit.vintage.engine.discovery
junit-vintage-engine/src/main/java/org/junit/vintage/engine/execution/RunListenerAdapter.java	10	junit-vintage-engine	org.junit.vintage.engine.execution
junit-vintage-engine/src/main/java/org/junit/vintage/engine/execution/RunnerExecutor.java	10	junit-vintage-engine	org.junit.vintage.engine.execution
junit-vintage-engine/src/main/java/org/junit/vintage/engine/execution/TestRun.java	10	junit-vintage-engine	org.junit.vintage.engine.execution
junit-vintage-engine/src/main/java/org/junit/vintage/engine/execution/VintageExecutor.java	10	junit-vintage-engine	org.junit.vintage.engine.execution
junit-vintage-engine/src/main/java/org/junit/vintage/engine/support/UniqueIdReader.java	10	junit-vintage-engine	org.junit.vintage.engine.support
junit-vintage-engine/src/main/java/org/junit/vintage/engine/support/UniqueIdStringifier.java	10	junit-vintage-engine	org.junit.vintage.engine.support
junit-jupiter-api/src/main/java/org/junit/jupiter/api/parallel/ResourceAccessMode.java	11	junit-jupiter-api	org.junit.jupiter.api.parallel
junit-jupiter-api/src/main/java/org/junit/jupiter/api/parallel/Resources.java	11	junit-jupiter-api	org.junit.jupiter.api.parallel
junit-platform-engine/src/main/java/org/junit/platform/engine/ConfigurationParameters.java	11	junit-platform-engine	org.junit.platform.engine
junit-platform-engine/src/main/java/org/junit/platform/engine/support/config/PrefixedConfigurationParameters.java	11	junit-platform-engine	org.junit.platform.engine.support.config
junit-platform-engine/src/main/java/org/junit/platform/engine/support/hierarchical/CompositeLock.java	11	junit-platform-engine	org.junit.platform.engine.support.hierarchical
junit-platform-engine/src/main/java/org/junit/platform/engine/support/hierarchical/DefaultParallelExecutionConfiguration.java	11	junit-platform-engine	org.junit.platform.engine.support.hierarchical
junit-platform-engine/src/main/java/org/junit/platform/engine/support/hierarchical/DefaultParallelExecutionConfigurationStrategy.java	11	junit-platform-engine	org.junit.platform.engine.support.hierarchical
junit-platform-engine/src/main/java/org/junit/platform/engine/support/hierarchical/ExclusiveResource.java	11	junit-platform-engine	org.junit.platform.engine.support.hierarchical
junit-platform-engine/src/main/java/org/junit/platform/engine/support/hierarchical/ForkJoinPoolHierarchicalTestExecutorService.java	11	junit-platform-engine	org.junit.platform.engine.support.hierarchical
junit-platform-engine/src/main/java/org/junit/platform/engine/support/hierarchical/HierarchicalTestEngine.java	11	junit-platform-engine	org.junit.platform.engine.support.hierarchical
junit-platform-engine/src/main/java/org/junit/platform/engine/support/hierarchical/HierarchicalTestExecutor.java	11	junit-platform-engine	org.junit.platform.engine.support.hierarchical
junit-platform-engine/src/main/java/org/junit/platform/engine/support/hierarchical/HierarchicalTestExecutorService.java	11	junit-platform-engine	org.junit.platform.engine.support.hierarchical
junit-platform-engine/src/main/java/org/junit/platform/engine/support/hierarchical/LockManager.java	11	junit-platform-engine	org.junit.platform.engine.support.hierarchical
junit-platform-engine/src/main/java/org/junit/platform/engine/support/hierarchical/Node.java	11	junit-platform-engine	org.junit.platform.engine.support.hierarchical
junit-platform-engine/src/main/java/org/junit/platform/engine/support/hierarchical/NodeTestTask.java	11	junit-platform-engine	org.junit.platform.engine.support.hierarchical
junit-platform-engine/src/main/java/org/junit/platform/engine/support/hierarchical/NodeTestTaskContext.java	11	junit-platform-engine	org.junit.platform.engine.support.hierarchical
junit-platform-engine/src/main/java/org/junit/platform/engine/support/hierarchical/NopLock.java	11	junit-platform-engine	org.junit.platform.engine.support.hierarchical
junit-platform-engine/src/main/java/org/junit/platform/engine/support/hierarchical/ParallelExecutionConfiguration.java	11	junit-platform-engine	org.junit.platform.engine.support.hierarchical
junit-platform-engine/src/main/java/org/junit/platform/engine/support/hierarchical/ResourceLock.java	11	junit-platform-engine	org.junit.platform.engine.support.hierarchical
junit-platform-engine/src/main/java/org/junit/platform/engine/support/hierarchical/SameThreadHierarchicalTestExecutorService.java	11	junit-platform-engine	org.junit.platform.engine.support.hierarchical
junit-platform-engine/src/main/java/org/junit/platform/engine/support/hierarchical/SingleLock.java	11	junit-platform-engine	org.junit.platform.engine.support.hierarchical
junit-platform-launcher/src/main/java/org/junit/platform/launcher/core/LauncherConfigurationParameters.java	11	junit-platform-launcher	org.junit.platform.launcher.core
junit-jupiter-api/src/main/java/org/junit/jupiter/api/ClassTemplate.java	12	junit-jupiter-api	org.junit.jupiter.api
junit-jupiter-api/src/main/java/org/junit/jupiter/api/extension/AfterClassTemplateInvocationCallback.java	12	junit-jupiter-api	org.junit.jupiter.api.extension
junit-jupiter-api/src/main/java/org/junit/jupiter/api/extension/BeforeClassTemplateInvocationCallback.java	12	junit-jupiter-api	org.junit.jupiter.api.extension
junit-jupiter-api/src/main/java/org/junit/jupiter/api/extension/ClassTemplateInvocationContext.java	12	junit-jupiter-api	org.junit.jupiter.api.extension
junit-jupiter-api/src/main/java/org/junit/jupiter/api/extension/ClassTemplateInvocationContextProvider.java	12	junit-jupiter-api	org.junit.jupiter.api.extension
junit-jupiter-api/src/main/java/org/junit/jupiter/api/extension/TestTemplateInvocationContext.java	12	junit-jupiter-api	org.junit.jupiter.api.extension
junit-jupiter-engine/src/main/java/org/junit/jupiter/engine/descriptor/LifecycleMethodUtils.java	12	junit-jupiter-engine	org.junit.jupiter.engine.descriptor
junit-jupiter-engine/src/main/java/org/junit/jupiter/engine/discovery/predicates/IsTestFactoryMethod.java	12	junit-jupiter-engine	org.junit.jupiter.engine.discovery.predicates
junit-jupiter-engine/src/main/java/org/junit/jupiter/engine/discovery/predicates/IsTestMethod.java	12	junit-jupiter-engine	org.junit.jupiter.engine.discovery.predicates
junit-jupiter-engine/src/main/java/org/junit/jupiter/engine/discovery/predicates/IsTestTemplateMethod.java	12	junit-jupiter-engine	org.junit.jupiter.engine.discovery.predicates
junit-jupiter-engine/src/main/java/org/junit/jupiter/engine/discovery/predicates/IsTestableMethod.java	12	junit-jupiter-engine	org.junit.jupiter.engine.discovery.predicates
junit-jupiter-params/src/main/java/org/junit/jupiter/params/AfterParameterizedClassInvocationMethodInvoker.java	12	junit-jupiter-params	org.junit.jupiter.params
junit-jupiter-params/src/main/java/org/junit/jupiter/params/BeforeParameterizedClassInvocationMethodInvoker.java	12	junit-jupiter-params	org.junit.jupiter.params
junit-jupiter-params/src/main/java/org/junit/jupiter/params/ParameterizedClass.java	12	junit-jupiter-params	org.junit.jupiter.params
junit-jupiter-params/src/main/java/org/junit/jupiter/params/ParameterizedClassContext.java	12	junit-jupiter-params	org.junit.jupiter.params
junit-jupiter-params/src/main/java/org/junit/jupiter/params/ParameterizedClassInvocationContext.java	12	junit-jupiter-params	org.junit.jupiter.params
junit-jupiter-params/src/main/java/org/junit/jupiter/params/ParameterizedTestContext.java	12	junit-jupiter-params	org.junit.jupiter.params
junit-platform-engine/src/main/java/org/junit/platform/engine/EngineDiscoveryListener.java	12	junit-platform-engine	org.junit.platform.engine
junit-platform-engine/src/main/java/org/junit/platform/engine/support/discovery/ClassContainerSelectorResolver.java	12	junit-platform-engine	org.junit.platform.engine.support.discovery
junit-platform-engine/src/main/java/org/junit/platform/engine/support/discovery/DiscoveryIssueReporter.java	12	junit-platform-engine	org.junit.platform.engine.support.discovery
junit-platform-engine/src/main/java/org/junit/platform/engine/support/discovery/EngineDiscoveryRequestResolver.java	12	junit-platform-engine	org.junit.platform.engine.support.discovery
junit-platform-suite-engine/src/main/java/org/junit/platform/suite/engine/LifecycleMethodUtils.java	12	junit-platform-suite-engine	org.junit.platform.suite.engine
junit-jupiter-migrationsupport/src/main/java/org/junit/jupiter/migrationsupport/EnableJUnit4MigrationSupport.java	13	junit-jupiter-migrationsupport	org.junit.jupiter.migrationsupport
junit-jupiter-migrationsupport/src/main/java/org/junit/jupiter/migrationsupport/conditions/IgnoreCondition.java	13	junit-jupiter-migrationsupport	org.junit.jupiter.migrationsupport.conditions
junit-jupiter-migrationsupport/src/main/java/org/junit/jupiter/migrationsupport/conditions/package-info.java	13	junit-jupiter-migrationsupport	org.junit.jupiter.migrationsupport.conditions
junit-jupiter-migrationsupport/src/main/java/org/junit/jupiter/migrationsupport/package-info.java	13	junit-jupiter-migrationsupport	org.junit.jupiter.migrationsupport
junit-jupiter-migrationsupport/src/main/java/org/junit/jupiter/migrationsupport/rules/EnableRuleMigrationSupport.java	13	junit-jupiter-migrationsupport	org.junit.jupiter.migrationsupport.rules
junit-jupiter-migrationsupport/src/main/java/org/junit/jupiter/migrationsupport/rules/ExpectedExceptionSupport.java	13	junit-jupiter-migrationsupport	org.junit.jupiter.migrationsupport.rules
junit-jupiter-migrationsupport/src/main/java/org/junit/jupiter/migrationsupport/rules/ExternalResourceSupport.java	13	junit-jupiter-migrationsupport	org.junit.jupiter.migrationsupport.rules
junit-jupiter-migrationsupport/src/main/java/org/junit/jupiter/migrationsupport/rules/TestRuleSupport.java	13	junit-jupiter-migrationsupport	org.junit.jupiter.migrationsupport.rules
junit-jupiter-migrationsupport/src/main/java/org/junit/jupiter/migrationsupport/rules/VerifierSupport.java	13	junit-jupiter-migrationsupport	org.junit.jupiter.migrationsupport.rules
junit-jupiter-migrationsupport/src/main/java/org/junit/jupiter/migrationsupport/rules/adapter/AbstractTestRuleAdapter.java	13	junit-jupiter-migrationsupport	org.junit.jupiter.migrationsupport.rules.adapter
junit-jupiter-migrationsupport/src/main/java/org/junit/jupiter/migrationsupport/rules/adapter/ExpectedExceptionAdapter.java	13	junit-jupiter-migrationsupport	org.junit.jupiter.migrationsupport.rules.adapter
junit-jupiter-migrationsupport/src/main/java/org/junit/jupiter/migrationsupport/rules/adapter/ExternalResourceAdapter.java	13	junit-jupiter-migrationsupport	org.junit.jupiter.migrationsupport.rules.adapter
junit-jupiter-migrationsupport/src/main/java/org/junit/jupiter/migrationsupport/rules/adapter/GenericBeforeAndAfterAdvice.java	13	junit-jupiter-migrationsupport	org.junit.jupiter.migrationsupport.rules.adapter
junit-jupiter-migrationsupport/src/main/java/org/junit/jupiter/migrationsupport/rules/adapter/VerifierAdapter.java	13	junit-jupiter-migrationsupport	org.junit.jupiter.migrationsupport.rules.adapter
junit-jupiter-migrationsupport/src/main/java/org/junit/jupiter/migrationsupport/rules/adapter/package-info.java	13	junit-jupiter-migrationsupport	org.junit.jupiter.migrationsupport.rules.adapter
junit-jupiter-migrationsupport/src/main/java/org/junit/jupiter/migrationsupport/rules/member/AbstractTestRuleAnnotatedMember.java	13	junit-jupiter-migrationsupport	org.junit.jupiter.migrationsupport.rules.member
junit-jupiter-migrationsupport/src/main/java/org/junit/jupiter/migrationsupport/rules/member/TestRuleAnnotatedField.java	13	junit-jupiter-migrationsupport	org.junit.jupiter.migrationsupport.rules.member
junit-jupiter-migrationsupport/src/main/java/org/junit/jupiter/migrationsupport/rules/member/TestRuleAnnotatedMember.java	13	junit-jupiter-migrationsupport	org.junit.jupiter.migrationsupport.rules.member
junit-jupiter-migrationsupport/src/main/java/org/junit/jupiter/migrationsupport/rules/member/TestRuleAnnotatedMethod.java	13	junit-jupiter-migrationsupport	org.junit.jupiter.migrationsupport.rules.member
junit-jupiter-migrationsupport/src/main/java/org/junit/jupiter/migrationsupport/rules/member/package-info.java	13	junit-jupiter-migrationsupport	org.junit.jupiter.migrationsupport.rules.member
junit-jupiter-migrationsupport/src/main/java/org/junit/jupiter/migrationsupport/rules/package-info.java	13	junit-jupiter-migrationsupport	org.junit.jupiter.migrationsupport.rules
junit-jupiter-api/src/main/java/org/junit/jupiter/api/Constants.java	14	junit-jupiter-api	org.junit.jupiter.api
junit-jupiter-api/src/main/java/org/junit/jupiter/api/Timeout.java	14	junit-jupiter-api	org.junit.jupiter.api
junit-jupiter-engine/src/main/java/org/junit/jupiter/engine/Constants.java	14	junit-jupiter-engine	org.junit.jupiter.engine
junit-jupiter-engine/src/main/java/org/junit/jupiter/engine/config/CachingJupiterConfiguration.java	14	junit-jupiter-engine	org.junit.jupiter.engine.config
junit-jupiter-engine/src/main/java/org/junit/jupiter/engine/config/DefaultJupiterConfiguration.java	14	junit-jupiter-engine	org.junit.jupiter.engine.config
junit-jupiter-engine/src/main/java/org/junit/jupiter/engine/config/EnumConfigurationParameterConverter.java	14	junit-jupiter-engine	org.junit.jupiter.engine.config
junit-jupiter-engine/src/main/java/org/junit/jupiter/engine/config/InstantiatingConfigurationParameterConverter.java	14	junit-jupiter-engine	org.junit.jupiter.engine.config
junit-jupiter-engine/src/main/java/org/junit/jupiter/engine/config/JupiterConfiguration.java	14	junit-jupiter-engine	org.junit.jupiter.engine.config
junit-jupiter-engine/src/main/java/org/junit/jupiter/engine/extension/SameThreadTimeoutInvocation.java	14	junit-jupiter-engine	org.junit.jupiter.engine.extension
junit-jupiter-engine/src/main/java/org/junit/jupiter/engine/extension/SeparateThreadTimeoutInvocation.java	14	junit-jupiter-engine	org.junit.jupiter.engine.extension
junit-jupiter-engine/src/main/java/org/junit/jupiter/engine/extension/TimeoutConfiguration.java	14	junit-jupiter-engine	org.junit.jupiter.engine.extension
junit-jupiter-engine/src/main/java/org/junit/jupiter/engine/extension/TimeoutDuration.java	14	junit-jupiter-engine	org.junit.jupiter.engine.extension
junit-jupiter-engine/src/main/java/org/junit/jupiter/engine/extension/TimeoutExceptionFactory.java	14	junit-jupiter-engine	org.junit.jupiter.engine.extension
junit-jupiter-engine/src/main/java/org/junit/jupiter/engine/extension/TimeoutExtension.java	14	junit-jupiter-engine	org.junit.jupiter.engine.extension
junit-jupiter-engine/src/main/java/org/junit/jupiter/engine/extension/TimeoutInvocationFactory.java	14	junit-jupiter-engine	org.junit.jupiter.engine.extension
junit-platform-commons/src/main/java/org/junit/platform/commons/util/ClassNamePatternFilterUtils.java	14	junit-platform-commons	org.junit.platform.commons.util
junit-platform-engine/src/main/java/org/junit/platform/engine/support/hierarchical/ParallelHierarchicalTestExecutorServiceFactory.java	14	junit-platform-engine	org.junit.platform.engine.support.hierarchical
junit-platform-engine/src/main/java/org/junit/platform/engine/support/store/NamespacedHierarchicalStore.java	14	junit-platform-engine	org.junit.platform.engine.support.store
junit-platform-engine/src/main/java/org/junit/platform/engine/support/store/NamespacedHierarchicalStoreException.java	14	junit-platform-engine	org.junit.platform.engine.support.store
junit-platform-launcher/src/main/java/org/junit/platform/launcher/core/LauncherPhase.java	14	junit-platform-launcher	org.junit.platform.launcher.core
junit-jupiter-api/src/main/java/module-info.java	15	junit-jupiter-api	(default)
junit-jupiter-engine/src/main/java/module-info.java	15	junit-jupiter-engine	(default)
junit-jupiter-migrationsupport/src/main/java/module-info.java	15	junit-jupiter-migrationsupport	(default)
junit-jupiter-params/src/main/java/module-info.java	15	junit-jupiter-params	(default)
junit-jupiter/src/main/java/module-info.java	15	junit-jupiter	(default)
junit-platform-commons/src/main/java/module-info.java	15	junit-platform-commons	(default)
junit-platform-commons/src/main/java/org/junit/platform/commons/function/package-info.java	15	junit-platform-commons	org.junit.platform.commons.function
junit-platform-commons/src/main/java/org/junit/platform/commons/support/conversion/package-info.java	15	junit-platform-commons	org.junit.platform.commons.support.conversion
junit-platform-commons/src/main/java/org/junit/platform/commons/support/package-info.java	15	junit-platform-commons	org.junit.platform.commons.support
junit-platform-commons/src/main/java/org/junit/platform/commons/support/scanning/package-info.java	15	junit-platform-commons	org.junit.platform.commons.support.scanning
junit-platform-console/src/main/java/module-info.java	15	junit-platform-console	(default)
junit-platform-engine/src/main/java/module-info.java	15	junit-platform-engine	(default)
junit-platform-engine/src/main/java/org/junit/platform/engine/support/store/package-info.java	15	junit-platform-engine	org.junit.platform.engine.support.store
junit-platform-launcher/src/main/java/module-info.java	15	junit-platform-launcher	(default)
junit-platform-reporting/src/main/java/module-info.java	15	junit-platform-reporting	(default)
junit-platform-suite-api/src/main/java/module-info.java	15	junit-platform-suite-api	(default)
junit-platform-suite-engine/src/main/java/module-info.java	15	junit-platform-suite-engine	(default)
junit-platform-suite/src/main/java/module-info.java	15	junit-platform-suite	(default)
junit-platform-testkit/src/main/java/module-info.java	15	junit-platform-testkit	(default)
junit-vintage-engine/src/main/java/module-info.java	15	junit-vintage-engine	(default)
junit-platform-launcher/src/main/java/org/junit/platform/launcher/TagFilter.java	16	junit-platform-launcher	org.junit.platform.launcher
junit-platform-launcher/src/main/java/org/junit/platform/launcher/tagexpression/DequeStack.java	16	junit-platform-launcher	org.junit.platform.launcher.tagexpression
junit-platform-launcher/src/main/java/org/junit/platform/launcher/tagexpression/Operator.java	16	junit-platform-launcher	org.junit.platform.launcher.tagexpression
junit-platform-launcher/src/main/java/org/junit/platform/launcher/tagexpression/Operators.java	16	junit-platform-launcher	org.junit.platform.launcher.tagexpression
junit-platform-launcher/src/main/java/org/junit/platform/launcher/tagexpression/ParseResult.java	16	junit-platform-launcher	org.junit.platform.launcher.tagexpression
junit-platform-launcher/src/main/java/org/junit/platform/launcher/tagexpression/ParseResults.java	16	junit-platform-launcher	org.junit.platform.launcher.tagexpression
junit-platform-launcher/src/main/java/org/junit/platform/launcher/tagexpression/ParseStatus.java	16	junit-platform-launcher	org.junit.platform.launcher.tagexpression
junit-platform-launcher/src/main/java/org/junit/platform/launcher/tagexpression/Parser.java	16	junit-platform-launcher	org.junit.platform.launcher.tagexpression
junit-platform-launcher/src/main/java/org/junit/platform/launcher/tagexpression/ShuntingYard.java	16	junit-platform-launcher	org.junit.platform.launcher.tagexpression
junit-platform-launcher/src/main/java/org/junit/platform/launcher/tagexpression/TagExpression.java	16	junit-platform-launcher	org.junit.platform.launcher.tagexpression
junit-platform-launcher/src/main/java/org/junit/platform/launcher/tagexpression/TagExpressions.java	16	junit-platform-launcher	org.junit.platform.launcher.tagexpression
junit-platform-launcher/src/main/java/org/junit/platform/launcher/tagexpression/Token.java	16	junit-platform-launcher	org.junit.platform.launcher.tagexpression
junit-platform-launcher/src/main/java/org/junit/platform/launcher/tagexpression/TokenWith.java	16	junit-platform-launcher	org.junit.platform.launcher.tagexpression
junit-platform-launcher/src/main/java/org/junit/platform/launcher/tagexpression/Tokenizer.java	16	junit-platform-launcher	org.junit.platform.launcher.tagexpression
junit-platform-launcher/src/main/java/org/junit/platform/launcher/tagexpression/package-info.java	16	junit-platform-launcher	org.junit.platform.launcher.tagexpression
junit-jupiter-params/src/main/java/org/junit/jupiter/params/ArgumentCountValidator.java	17	junit-jupiter-params	org.junit.jupiter.params
junit-jupiter-params/src/main/java/org/junit/jupiter/params/DefaultParameterInfo.java	17	junit-jupiter-params	org.junit.jupiter.params
junit-jupiter-params/src/main/java/org/junit/jupiter/params/EvaluatedArgumentSet.java	17	junit-jupiter-params	org.junit.jupiter.params
junit-jupiter-params/src/main/java/org/junit/jupiter/params/ParameterizedInvocationContext.java	17	junit-jupiter-params	org.junit.jupiter.params
junit-jupiter-params/src/main/java/org/junit/jupiter/params/ParameterizedInvocationNameFormatter.java	17	junit-jupiter-params	org.junit.jupiter.params
junit-jupiter-params/src/main/java/org/junit/jupiter/params/ResolverFacade.java	17	junit-jupiter-params	org.junit.jupiter.params
junit-jupiter-params/src/main/java/org/junit/jupiter/params/aggregator/AggregateWith.java	17	junit-jupiter-params	org.junit.jupiter.params.aggregator
junit-jupiter-params/src/main/java/org/junit/jupiter/params/aggregator/ArgumentAccessException.java	17	junit-jupiter-params	org.junit.jupiter.params.aggregator
junit-jupiter-params/src/main/java/org/junit/jupiter/params/aggregator/ArgumentsAccessor.java	17	junit-jupiter-params	org.junit.jupiter.params.aggregator
junit-jupiter-params/src/main/java/org/junit/jupiter/params/aggregator/ArgumentsAggregationException.java	17	junit-jupiter-params	org.junit.jupiter.params.aggregator
junit-jupiter-params/src/main/java/org/junit/jupiter/params/aggregator/ArgumentsAggregator.java	17	junit-jupiter-params	org.junit.jupiter.params.aggregator
junit-jupiter-params/src/main/java/org/junit/jupiter/params/aggregator/DefaultArgumentsAccessor.java	17	junit-jupiter-params	org.junit.jupiter.params.aggregator
junit-jupiter-params/src/main/java/org/junit/jupiter/params/aggregator/SimpleArgumentsAggregator.java	17	junit-jupiter-params	org.junit.jupiter.params.aggregator
junit-jupiter-params/src/main/java/org/junit/jupiter/params/support/ParameterInfo.java	17	junit-jupiter-params	org.junit.jupiter.params.support
junit-platform-engine/src/main/java/org/junit/platform/engine/TestSource.java	18	junit-platform-engine	org.junit.platform.engine
junit-platform-engine/src/main/java/org/junit/platform/engine/UniqueId.java	18	junit-platform-engine	org.junit.platform.engine
junit-platform-engine/src/main/java/org/junit/platform/engine/UniqueIdFormat.java	18	junit-platform-engine	org.junit.platform.engine
junit-platform-engine/src/main/java/org/junit/platform/engine/support/descriptor/ClassSource.java	18	junit-platform-engine	org.junit.platform.engine.support.descriptor
junit-platform-engine/src/main/java/org/junit/platform/engine/support/descriptor/ClasspathResourceSource.java	18	junit-platform-engine	org.junit.platform.engine.support.descriptor
junit-platform-engine/src/main/java/org/junit/platform/engine/support/descriptor/CompositeTestSource.java	18	junit-platform-engine	org.junit.platform.engine.support.descriptor
junit-platform-engine/src/main/java/org/junit/platform/engine/support/descriptor/DefaultUriSource.java	18	junit-platform-engine	org.junit.platform.engine.support.descriptor
junit-platform-engine/src/main/java/org/junit/platform/engine/support/descriptor/DirectorySource.java	18	junit-platform-engine	org.junit.platform.engine.support.descriptor
junit-platform-engine/src/main/java/org/junit/platform/engine/support/descriptor/FilePosition.java	18	junit-platform-engine	org.junit.platform.engine.support.descriptor
junit-platform-engine/src/main/java/org/junit/platform/engine/support/descriptor/FileSource.java	18	junit-platform-engine	org.junit.platform.engine.support.descriptor
junit-platform-engine/src/main/java/org/junit/platform/engine/support/descriptor/FileSystemSource.java	18	junit-platform-engine	org.junit.platform.engine.support.descriptor
junit-platform-engine/src/main/java/org/junit/platform/engine/support/descriptor/MethodSource.java	18	junit-platform-engine	org.junit.platform.engine.support.descriptor
junit-platform-engine/src/main/java/org/junit/platform/engine/support/descriptor/PackageSource.java	18	junit-platform-engine	org.junit.platform.engine.support.descriptor
junit-platform-engine/src/main/java/org/junit/platform/engine/support/descriptor/UriSource.java	18	junit-platform-engine	org.junit.platform.engine.support.descriptor
junit-platform-testkit/src/main/java/org/junit/platform/testkit/engine/Assertions.java	19	junit-platform-testkit	org.junit.platform.testkit.engine
junit-platform-testkit/src/main/java/org/junit/platform/testkit/engine/EngineExecutionResults.java	19	junit-platform-testkit	org.junit.platform.testkit.engine
junit-platform-testkit/src/main/java/org/junit/platform/testkit/engine/Event.java	19	junit-platform-testkit	org.junit.platform.testkit.engine
junit-platform-testkit/src/main/java/org/junit/platform/testkit/engine/EventConditions.java	19	junit-platform-testkit	org.junit.platform.testkit.engine
junit-platform-testkit/src/main/java/org/junit/platform/testkit/engine/EventStatistics.java	19	junit-platform-testkit	org.junit.platform.testkit.engine
junit-platform-testkit/src/main/java/org/junit/platform/testkit/engine/EventType.java	19	junit-platform-testkit	org.junit.platform.testkit.engine
junit-platform-testkit/src/main/java/org/junit/platform/testkit/engine/Events.java	19	junit-platform-testkit	org.junit.platform.testkit.engine
junit-platform-testkit/src/main/java/org/junit/platform/testkit/engine/Execution.java	19	junit-platform-testkit	org.junit.platform.testkit.engine
junit-platform-testkit/src/main/java/org/junit/platform/testkit/engine/ExecutionRecorder.java	19	junit-platform-testkit	org.junit.platform.testkit.engine
junit-platform-testkit/src/main/java/org/junit/platform/testkit/engine/Executions.java	19	junit-platform-testkit	org.junit.platform.testkit.engine
junit-platform-testkit/src/main/java/org/junit/platform/testkit/engine/TerminationInfo.java	19	junit-platform-testkit	org.junit.platform.testkit.engine
junit-platform-testkit/src/main/java/org/junit/platform/testkit/engine/TestExecutionResultConditions.java	19	junit-platform-testkit	org.junit.platform.testkit.engine
junit-platform-suite-api/src/main/java/org/junit/platform/suite/api/ExcludeClassNamePatterns.java	20	junit-platform-suite-api	org.junit.platform.suite.api
junit-platform-suite-api/src/main/java/org/junit/platform/suite/api/ExcludeEngines.java	20	junit-platform-suite-api	org.junit.platform.suite.api
junit-platform-suite-api/src/main/java/org/junit/platform/suite/api/ExcludePackages.java	20	junit-platform-suite-api	org.junit.platform.suite.api
junit-platform-suite-api/src/main/java/org/junit/platform/suite/api/ExcludeTags.java	20	junit-platform-suite-api	org.junit.platform.suite.api
junit-platform-suite-api/src/main/java/org/junit/platform/suite/api/IncludeClassNamePatterns.java	20	junit-platform-suite-api	org.junit.platform.suite.api
junit-platform-suite-api/src/main/java/org/junit/platform/suite/api/IncludeEngines.java	20	junit-platform-suite-api	org.junit.platform.suite.api
junit-platform-suite-api/src/main/java/org/junit/platform/suite/api/IncludePackages.java	20	junit-platform-suite-api	org.junit.platform.suite.api
junit-platform-suite-api/src/main/java/org/junit/platform/suite/api/IncludeTags.java	20	junit-platform-suite-api	org.junit.platform.suite.api
junit-platform-suite-api/src/main/java/org/junit/platform/suite/api/SelectClasses.java	20	junit-platform-suite-api	org.junit.platform.suite.api
junit-platform-suite-api/src/main/java/org/junit/platform/suite/api/SelectPackages.java	20	junit-platform-suite-api	org.junit.platform.suite.api
junit-platform-suite-api/src/main/java/org/junit/platform/suite/api/SuiteDisplayName.java	20	junit-platform-suite-api	org.junit.platform.suite.api
junit-platform-suite-api/src/main/java/org/junit/platform/suite/api/package-info.java	20	junit-platform-suite-api	org.junit.platform.suite.api
junit-jupiter-api/src/main/java/org/junit/jupiter/api/AfterAll.java	21	junit-jupiter-api	org.junit.jupiter.api
junit-jupiter-api/src/main/java/org/junit/jupiter/api/AfterEach.java	21	junit-jupiter-api	org.junit.jupiter.api
junit-jupiter-api/src/main/java/org/junit/jupiter/api/BeforeAll.java	21	junit-jupiter-api	org.junit.jupiter.api
junit-jupiter-api/src/main/java/org/junit/jupiter/api/BeforeEach.java	21	junit-jupiter-api	org.junit.jupiter.api
junit-jupiter-api/src/main/java/org/junit/jupiter/api/DisplayName.java	21	junit-jupiter-api	org.junit.jupiter.api
junit-jupiter-api/src/main/java/org/junit/jupiter/api/Nested.java	21	junit-jupiter-api	org.junit.jupiter.api
junit-jupiter-api/src/main/java/org/junit/jupiter/api/Tag.java	21	junit-jupiter-api	org.junit.jupiter.api
junit-jupiter-api/src/main/java/org/junit/jupiter/api/Tags.java	21	junit-jupiter-api	org.junit.jupiter.api
junit-jupiter-api/src/main/java/org/junit/jupiter/api/Test.java	21	junit-jupiter-api	org.junit.jupiter.api
junit-platform-engine/src/main/java/org/junit/platform/engine/TestTag.java	21	junit-platform-engine	org.junit.platform.engine
junit-platform-commons/src/main/java/org/junit/platform/commons/support/conversion/ConversionSupport.java	22	junit-platform-commons	org.junit.platform.commons.support.conversion
junit-platform-commons/src/main/java/org/junit/platform/commons/support/conversion/FallbackStringToObjectConverter.java	22	junit-platform-commons	org.junit.platform.commons.support.conversion
junit-platform-commons/src/main/java/org/junit/platform/commons/support/conversion/StringToBooleanConverter.java	22	junit-platform-commons	org.junit.platform.commons.support.conversion
junit-platform-commons/src/main/java/org/junit/platform/commons/support/conversion/StringToCharacterConverter.java	22	junit-platform-commons	org.junit.platform.commons.support.conversion
junit-platform-commons/src/main/java/org/junit/platform/commons/support/conversion/StringToClassConverter.java	22	junit-platform-commons	org.junit.platform.commons.support.conversion
junit-platform-commons/src/main/java/org/junit/platform/commons/support/conversion/StringToCommonJavaTypesConverter.java	22	junit-platform-commons	org.junit.platform.commons.support.conversion
junit-platform-commons/src/main/java/org/junit/platform/commons/support/conversion/StringToEnumConverter.java	22	junit-platform-commons	org.junit.platform.commons.support.conversion
junit-platform-commons/src/main/java/org/junit/platform/commons/support/conversion/StringToJavaTimeConverter.java	22	junit-platform-commons	org.junit.platform.commons.support.conversion
junit-platform-commons/src/main/java/org/junit/platform/commons/support/conversion/StringToNumberConverter.java	22	junit-platform-commons	org.junit.platform.commons.support.conversion
junit-platform-commons/src/main/java/org/junit/platform/commons/support/conversion/StringToObjectConverter.java	22	junit-platform-commons	org.junit.platform.commons.support.conversion
junit-platform-launcher/src/main/java/org/junit/platform/launcher/listeners/OutputDir.java	23	junit-platform-launcher	org.junit.platform.launcher.listeners
junit-platform-launcher/src/main/java/org/junit/platform/launcher/listeners/UniqueIdTrackingListener.java	23	junit-platform-launcher	org.junit.platform.launcher.listeners
junit-platform-reporting/src/main/java/org/junit/platform/reporting/open/xml/JUnitFactory.java	23	junit-platform-reporting	org.junit.platform.reporting.open.xml
junit-platform-reporting/src/main/java/org/junit/platform/reporting/open/xml/LegacyReportingName.java	23	junit-platform-reporting	org.junit.platform.reporting.open.xml
junit-platform-reporting/src/main/java/org/junit/platform/reporting/open/xml/OpenTestReportGeneratingListener.java	23	junit-platform-reporting	org.junit.platform.reporting.open.xml
junit-platform-reporting/src/main/java/org/junit/platform/reporting/open/xml/Type.java	23	junit-platform-reporting	org.junit.platform.reporting.open.xml
junit-platform-reporting/src/main/java/org/junit/platform/reporting/open/xml/UniqueId.java	23	junit-platform-reporting	org.junit.platform.reporting.open.xml
junit-jupiter-api/src/main/java/org/junit/jupiter/api/util/ReadsDefaultLocale.java	24	junit-jupiter-api	org.junit.jupiter.api.util
junit-jupiter-api/src/main/java/org/junit/jupiter/api/util/ReadsDefaultTimeZone.java	24	junit-jupiter-api	org.junit.jupiter.api.util
junit-jupiter-api/src/main/java/org/junit/jupiter/api/util/WritesDefaultLocale.java	24	junit-jupiter-api	org.junit.jupiter.api.util
junit-jupiter-api/src/main/java/org/junit/jupiter/api/util/WritesDefaultTimeZone.java	24	junit-jupiter-api	org.junit.jupiter.api.util
junit-jupiter-api/src/main/java/org/junit/jupiter/api/RepeatedTest.java	25	junit-jupiter-api	org.junit.jupiter.api
junit-jupiter-api/src/main/java/org/junit/jupiter/api/RepetitionInfo.java	25	junit-jupiter-api	org.junit.jupiter.api
junit-jupiter-engine/src/main/java/org/junit/jupiter/engine/extension/RepeatedTestExtension.java	25	junit-jupiter-engine	org.junit.jupiter.engine.extension
junit-jupiter-engine/src/main/java/org/junit/jupiter/engine/extension/RepeatedTestInvocationContext.java	25	junit-jupiter-engine	org.junit.jupiter.engine.extension
junit-vintage-engine/src/main/java/org/junit/vintage/engine/descriptor/package-info.java	26	junit-vintage-engine	org.junit.vintage.engine.descriptor
junit-vintage-engine/src/main/java/org/junit/vintage/engine/discovery/package-info.java	26	junit-vintage-engine	org.junit.vintage.engine.discovery
junit-vintage-engine/src/main/java/org/junit/vintage/engine/execution/package-info.java	26	junit-vintage-engine	org.junit.vintage.engine.execution
junit-vintage-engine/src/main/java/org/junit/vintage/engine/package-info.java	26	junit-vintage-engine	org.junit.vintage.engine
junit-jupiter-api/src/main/java/org/junit/jupiter/api/function/ThrowingConsumer.java	27	junit-jupiter-api	org.junit.jupiter.api.function
junit-jupiter-api/src/main/java/org/junit/jupiter/api/function/ThrowingSupplier.java	27	junit-jupiter-api	org.junit.jupiter.api.function
junit-jupiter-api/src/main/java/org/junit/jupiter/api/util/ReadsSystemProperty.java	28	junit-jupiter-api	org.junit.jupiter.api.util
junit-jupiter-api/src/main/java/org/junit/jupiter/api/util/WritesSystemProperty.java	28	junit-jupiter-api	org.junit.jupiter.api.util
junit-jupiter-params/src/main/java/org/junit/jupiter/params/AfterParameterizedClassInvocation.java	29	junit-jupiter-params	org.junit.jupiter.params
junit-jupiter-params/src/main/java/org/junit/jupiter/params/BeforeParameterizedClassInvocation.java	29	junit-jupiter-params	org.junit.jupiter.params
junit-platform-commons/src/main/java/org/junit/platform/commons/JUnitException.java	30	junit-platform-commons	org.junit.platform.commons
junit-platform-commons/src/main/java/org/junit/platform/commons/PreconditionViolationException.java	30	junit-platform-commons	org.junit.platform.commons
junit-platform-commons/src/main/java/org/junit/platform/commons/package-info.java	31	junit-platform-commons	org.junit.platform.commons
junit-platform-commons/src/main/java/org/junit/platform/commons/util/package-info.java	31	junit-platform-commons	org.junit.platform.commons.util
junit-platform-configuration-api/src/main/java/org/junit/platform/configuration/api/ConfigurationParameter.java	32	junit-platform-configuration-api	org.junit.platform.configuration.api
junit-platform-configuration-processor/src/main/java/org/junit/platform/configuration/processor/ConfigurationMetadataAnnotationProcessor.java	32	junit-platform-configuration-processor	org.junit.platform.configuration.processor
junit-platform-console/src/main/java/org/junit/platform/console/options/package-info.java	33	junit-platform-console	org.junit.platform.console.options
junit-platform-engine/src/main/java/org/junit/platform/engine/package-info.java	33	junit-platform-engine	org.junit.platform.engine
junit-platform-engine/src/main/java/org/junit/platform/engine/support/hierarchical/NodeExecutionAdvisor.java	34	junit-platform-engine	org.junit.platform.engine.support.hierarchical
junit-platform-engine/src/main/java/org/junit/platform/engine/support/hierarchical/NodeTreeWalker.java	34	junit-platform-engine	org.junit.platform.engine.support.hierarchical
junit-platform-reporting/src/main/java/org/junit/platform/reporting/legacy/xml/XmlReportData.java	35	junit-platform-reporting	org.junit.platform.reporting.legacy.xml
junit-platform-reporting/src/main/java/org/junit/platform/reporting/legacy/xml/XmlReportWriter.java	35	junit-platform-reporting	org.junit.platform.reporting.legacy.xml
junit-start/src/main/java/org/junit/start/JUnit.java	36	junit-start	org.junit.start
junit-start/src/main/java/org/junit/start/package-info.java	36	junit-start	org.junit.start
platform-tooling-support-tests/src/main/java/platform/tooling/support/Helper.java	37	platform-tooling-support-tests	platform.tooling.support
platform-tooling-support-tests/src/main/java/platform/tooling/support/MavenRepo.java	37	platform-tooling-support-tests	platform.tooling.support
